listing_id,listing_url,scraped_at,make,model,version,vin,price_pln,price_display,omnibus_lowest_30d_pln,omnibus_text,production_year,mileage_km,fuel_type,transmission,engine_power_hp,registration_number,first_registration_date,engine_capacity_cm3,drive,body_type,doors,seats,color,paint_type,dealer_name,dealer_address_line1,dealer_address_line2,dealer_address_line3,dealer_google_rating,dealer_review_count,dealer_google_link,contact_phone,primary_image_url,image_count,image_urls,equipment_audio_multimedia,equipment_safety,equipment_comfort_extras,equipment_other,additional_info_header,additional_info_content,specs_json
120799,https://fiat.pgd.pl/samochod/fiat-ducato-maxi-l4h2-2-2-h3-power-180km-mt6/id/120799,2026-08-14T09:35:08.611818+00:00,Fiat,Ducato,Maxi L4H2 2.2 H3-POWER 180KM MT6,ZFA250007TG034899,147477,119 900 PLN netto,119900,Najniższa cena w ostatnich 30 dniach: 119 900 PLN netto,2026,0,Diesel,Automatyczna,180,,30.04.2026,2184,Przedni,Furgon,4,3,Biały,akryl niemetalizowany,Fiat PGD Warszawa,Krasnobrodzka 5,Warszawa,Trasa Toruńska przy rondzie Łabiszyńska,,,https://fiat.pgd.pl/p/o-nas/kontakt,123 000 055,https://fiat.pgd.pl/cache/site_single_car/uploads_fiat/cars/new/120799/img-20260408-105238462-hdr.jpg,10,https://fiat.pgd.pl/cache/site_single_car/uploads_fiat/cars/new/120799/img-20260408-105238462-hdr.jpg | https://fiat.pgd.pl/cache/site_single_car/uploads_fiat/cars/new/120799/20260409-144314.jpg | https://fiat.pgd.pl/cache/site_single_car/uploads_fiat/cars/new/120799/20260409-144543.jpg | https://fiat.pgd.pl/cache/site_single_car/uploads_fiat/cars/new/120799/img-20260715-154502272-hdr.jpg | https://fiat.pgd.pl/cache/site_single_car/uploads_fiat/cars/new/120799/img-20260715-154525262-hdr.jpg | https://fiat.pgd.pl/cache/site_single_car/uploads_fiat/cars/new/120799/img-20260408-105256230-hdr.jpg | https://fiat.pgd.pl/cache/site_single_car/uploads_fiat/cars/new/120799/img-20260408-105306355-hdr.jpg | https://fiat.pgd.pl/cache/site_single_car/uploads_fiat/cars/new/120799/img-20260408-105516649-hdr.jpg | https://fiat.pgd.pl/cache/site_single_car/uploads_fiat/cars/new/120799/img-20260408-105524185-hdr.jpg | https://fiat.pgd.pl/cache/site_single_car/uploads_fiat/cars/new/120799/img-20260408-105534212-hdr.jpg,"Sterowanie systemem audio przyciskami na kierownicy|Zestaw głośnomówiący Bluetooth|Nawigacja satelitarna GPS|Funkcja Android Auto / Carplay|Radio fabryczne|Radio 10-calowe z nawigacją, Bluetooth, Carplay/Android Auto, DAB i sterowaniem na kierownicy|Podwójny port USB w miejscu gniazda zapalniczki","Poduszka powietrzna pasażera|Przednie czołowe poduszki powietrzne (kierowcy i pasażera)|Poduszka powietrzna kierowcy|Trzypunktowe pasy bezpieczeństwa|Sygnalizator braku zapięcia pasów bezpieczeństwa kierowcy|ESP|ABS|ASR|Tempomat|Pre-Collision Assist|Ostrzeżenie o zmęczeniu kierowcy|Ostrzeżenie o niezamierzonej zmianie pasa ruchu|Funkcja wzywania pomocy|Przednie reflektory przeciwmgłowe|Światła do jazdy dziennej|Tylne czujniki parkowania|Czujnik ciśnienia w oponach|Kamera cofania z dynamicznymi kolorowymi liniami wyznaczającymi trajektorię ruchu pojazdu|System stabilizacji toru jazdy ESC (plus asystent bocznego wiatru, system stabilizacji przyczepy)|System monitorujący ciśnienie w oponach (TPMS - pomiar pośredni)|Czujnik zapięcia pasów bezpieczeństwa|Tempomat z ogranicznikiem prędkości|Reflektory przednie Full LED|Światła przeciwmgielne z doświetlaniem zakrętów|Sygnał dźwiękowy ostrzegający pieszych podczas cofania","Elektrycznie regulowane szyby boczne z przodu|Lusterka zewnętrzne regulowane i składane elektrycznie|Komputer pokładowy|Podłokietnik kierowcy|Wspomaganie układu kierowniczego|Centralny zamek sterowany pilotem|Klimatyzacja automatyczna|Boczne lusterka regulowane elektrycznie i podgrzewane|Dwumiejscowe siedzenie pasażera z funkcją mobilnego biura i ruchomym stolikiem|Uchwyty na kubek|Podłokietnik siedzenia kierowcy|Siedzenie kierowcy amortyzowane|Zamykany schowek pomiędzy fotelami|Półka pod sufitem|Tapicerka Czarna Lounge ""Crepe"" podwójne srebrne przeszycia","Pełnowymiarowe koło zapasowe|16"" stalowe felgi z kołpakami|Dach średni|Oświetlenie przedziału ładunkowego - LED|Drzwi odsuwane boczne po prawej stronie|Drzwi tylne dwuskrzydłowe; kąt otwarcia 270°|Alternator 180A|Akumulator L5 95Ah|Trwała przegroda z blachy bez szyby|Zestaw naprawczy do opon ""Fix&Go""|Zderzak przedni w kolorze czarnym|Obwódki przednich reflektorów w kolorze czarnym|16"" Felgi ze wzmocnionej stali|Pakiet Safety|Aerodynamiczny pakiet redukujący emisję CO2|Opony N1 Klasy A 215/70 R15C lub 215/75 R16C|Uchwyty do mocowania przedmiotów w przedziale ładunkowym|Zbiornik paliwa 90L|Interfejs modułu telematycznego (m.in. połączenie SOS i Assistance)|Instrukcja obsługi w języku polskim|ROK MODELOWY 2025.5|Osłona przedniego grilla w kolorze nadwozia|Moduł telematyczny|Wzmocnione zawieszenie tylne z podwójnymi resorami|Plastikowe listwy ochronne na przednich nadkolach|Obudowy mocowań foteli|Pakiet Techno|Usługi łączności|Pakiet Cargo XL (dla wersji L4)|Gniazdo 12V w przestrzeni ładunkowej|Oświetlenie LED w przedziale ładunkowym",Dodatkowe informacje,"Przedmiotem ogłoszenia jest auto dostawcze FIAT Ducato Maxi Furgon L4H2 2.2 H3-POWER.
Skrzynia biegów manualna 6-biegowa, silnik wysokoprężny o pojemności 2.2l i mocy 180KM.
Rok produkcji: 2026
DMC: 3500kg
Ładowność: 1285kg
Kolor lakieru:  Biały
Tapiecerka materiałowa:  Lounge
_
Cena auta katalogowa auta: 183 397 zł netto.
Cena auta po rabacie : 119 900 zł netto
Najniższa cena z ostatnich 30 dni: 123 900 zł netto
Auto zarejestrowane na dealera 30.04.2026, bez przebiegu.
Istnieje możliwość uzyskania dodatkowego rabatu przy skorzystaniu z oferty finansowania w naszym salonie.
Promocyjne ubezpieczenie od 0,5/1% wartości auta.
Auto fabrycznie nowe, bez przebiegu.
Gwarancja producenta: 2 lata bez limitu kilometrów oraz dodatkowe 2 lata od producenta- 4 lata lub 200 tyś km od daty rejestracji.
Na miejscu możliwość zapoznania się z ofertą leasingową, ubezpieczeniową, pakietów gwarancyjnych/serwisowych.
_
Wyposażenie standardowe:
01P - Sygnał dźwiękowy ostrzegający pieszych podczas cofania025 - Klimatyzacja manualna02S - Alternator 180A02T - Akumulator L5 95Ah03C - Elektryczne wspomaganie kierownicy041 - Boczne lusterka regulowane elektrycznie i podgrzewane132 - Podłokietnik siedzenia kierowcy149 - Trwała przegroda z blachy bez szyby293 - Dwumiejscowe siedzenie pasażerów ze składanym stolikiem2PX - Radio 5"" Bluetooth + Dab392 - System stabilizacji toru jazdy ESC (plus asystent bocznego wiatru, system stabilizacji przyczepy)499 - Zestaw naprawczy do opon ""Fix&Go""4B0 - Uchwyty na kubek4MZ - TAPICERKA CZARNA STANDARD ""CREPE"" POJEDYNCZE PRZESZYCIA, PEŁNE ZAGŁÓWKI4WH - Zderzak przedni w kolorze czarnym500 - Poduszka powietrzna kierowcy502 - Poduszka powietrzna pasażera508 - Czujniki cofania516 - Drzwi tylne dwuskrzydłowe pełne5EM - Obwódki przednich reflektorów w kolorze czarnym5EV - 16"" Felgi ze wzmocnionej stali5F4 - Pakiet Safety5K8 - Aerodynamiczny pakiet redukujący emisję CO25PP - Opony N1 Klasy A 215/70 R15C lub 215/75 R16C, w zależności od wersji692 - Światła do jazdy dziennej734 - Uchwyty do mocowania przedmiotów w przedziale ładunkowym738 - Zbiornik paliwa 90L739 - Interfejs modułu telematycznego (m.in. połączenie SOS i Assistance)7B2 - System monitorujący ciśnienie w oponach (TPMS - pomiar pośredni)858 - Instrukcja obsługi w języku polskimJ0R - ROK MODELOWY 2025.5MMK - Osłona przedniego grilla w kolorze nadwoziaNHR - Tempomat z ogranicznikiem prędkościRDG - Moduł telematycznyXCP - Czujnik zapięcia pasów bezpieczeństwa
Wyposażenie dodatkowe w cenie:
077 Wzmocnione zawieszenie tylne z podwójnymi resorami2QCDwumiejscowe siedzenie pasażera z funkcją mobilnego biura i ruchomym stolikiem316 Kamera cofania z dynamicznymi kolorowymi liniami wyznaczającymi trajektorię ruchu pojazdu4BJ Plastikowe listwy ochronne na przednich nadkolach50E Obudowy mocowań foteli640 Siedzenie kierowcy amortyzowane6ZQZamykany schowek pomiędzy fotelami835 Półka pod sufitem8RS Tapicerka Czarna Lounge ""Crepe"" podwójne srebrne przeszycia, 9WEReflektory przednie Full LEDAW9Pakiet Techno:
2PZ Radio 10-calowe z nawigacją, Bluetooth, Carplay/Android Auto, DAB i sterowaniem na kierownicy
RS3 Podwójny port USB w miejscu gniazda zapalniczki
140 Klimatyzacja automatyczna
RTK Usługi łączności
C7F Pakiet Cargo XL (dla wersji L4):
823 Gniazdo 12V w przestrzeni ładunkowej
619 Drzwi tylne otwierane pod kątem 270 stopni
LHA Oświetlenie LED w przedziale ładunkowym
LPZ Światła przeciwmgielne z doświetlaniem zakrętów
Krasnobrodzka 5, 03-214 Warszawa
ST Motors Grupa PGD sp. z o.o. sp. k
Fiat Professional salon Warszawa ul. Krasnobrodzka 5 Centrum Motoryzacyjne Toruńska:
Jarosław Szmitko 667-071-762
Maciej Strzerzyński 667-071-911
Informacje umieszczone na stronie internetowej służą jedynie celom informacyjnym i nie stanowią oferty w rozumieniu przepisów KodeksuCywilnego oraz opisu towaru ani zapewnienia w rozumieniu art. 4 Ustawy z dnia 27 lipca 2002 r. o szczególnych warunkach sprzedażykonsumenckiej. Indywidualne uzgodnienie właściwości i specyfikacji pojazdu następuje w umowie sprzedaży. Zdjęcie prezentowanego modelujest zdjęciem przykładowym i może przedstawiać wersję inną niż oferowana w ogłoszeniu.","{""Rok produkcji"": ""2026"", ""Rodzaj"": ""furgon"", ""Silnik"": ""diesel"", ""Moc"": ""180 KM"", ""Pojemność"": ""2184 cm3"", ""Kolor nadwozia"": ""biały  akryl (niemetalizowany)"", ""Numer oferty"": ""WBN00552FP"", ""Numer VIN"": ""ZFA250007TG034899"", ""Tytuł oferty"": ""FIAT Ducato Maxi L4H2 2.2 H3-POWER 180KM MT6"", ""Cena netto"": ""119900 PLN"", ""Cena brutto (kalkulacja)"": ""147477 PLN"", ""Cena katalogowa netto"": ""183687 PLN"", ""Najniższa cena 30d"": ""119900 PLN"", ""Liczba pozycji wyposażenia"": 104}"
120739,https://fiat.pgd.pl/samochod/fiat-scudo-brygadowy-skladany-xl-diesel-2-2-150-km-manual/id/120739,2026-08-14T09:35:12.504851+00:00,Fiat,Scudo,Brygadowy Składany XL Diesel 2.2 150 KM Manual,VXFVPFC38TU449106,142680,116 000 PLN netto,116000,Najniższa cena w ostatnich 30 dniach: 116 000 PLN netto,2026,0,Diesel,Automatyczna,150,,03.07.2026,2184,Przedni,Furgon,5,5,Szary,metaliczny,Fiat PGD Warszawa,Krasnobrodzka 5,Warszawa,Trasa Toruńska przy rondzie Łabiszyńska,,,https://fiat.pgd.pl/p/o-nas/kontakt,123 000 055,https://fiat.pgd.pl/cache/site_single_car/uploads_fiat/cars/new/120739/20260716-113942.jpg,17,https://fiat.pgd.pl/cache/site_single_car/uploads_fiat/cars/new/120739/20260716-113942.jpg | https://fiat.pgd.pl/cache/site_single_car/uploads_fiat/cars/new/120739/20260716-113933.jpg | https://fiat.pgd.pl/cache/site_single_car/uploads_fiat/cars/new/120739/20260716-113951.jpg | https://fiat.pgd.pl/cache/site_single_car/uploads_fiat/cars/new/120739/20260716-114000.jpg | https://fiat.pgd.pl/cache/site_single_car/uploads_fiat/cars/new/120739/20260716-114521.jpg | https://fiat.pgd.pl/cache/site_single_car/uploads_fiat/cars/new/120739/20260716-114514.jpg | https://fiat.pgd.pl/cache/site_single_car/uploads_fiat/cars/new/120739/20260716-114529.jpg | https://fiat.pgd.pl/cache/site_single_car/uploads_fiat/cars/new/120739/20260716-114216.jpg | https://fiat.pgd.pl/cache/site_single_car/uploads_fiat/cars/new/120739/20260716-114228.jpg | https://fiat.pgd.pl/cache/site_single_car/uploads_fiat/cars/new/120739/20260716-114234.jpg | https://fiat.pgd.pl/cache/site_single_car/uploads_fiat/cars/new/120739/20260716-114014.jpg | https://fiat.pgd.pl/cache/site_single_car/uploads_fiat/cars/new/120739/20260716-114312.jpg | https://fiat.pgd.pl/cache/site_single_car/uploads_fiat/cars/new/120739/20260716-114333.jpg | https://fiat.pgd.pl/cache/site_single_car/uploads_fiat/cars/new/120739/20260716-114052.jpg | https://fiat.pgd.pl/cache/site_single_car/uploads_fiat/cars/new/120739/20260716-114108.jpg | https://fiat.pgd.pl/cache/site_single_car/uploads_fiat/cars/new/120739/20260716-114124.jpg | https://fiat.pgd.pl/cache/site_single_car/uploads_fiat/cars/new/120739/20260715-155015.jpg,"Radio fabryczne AM/FM/DAB|System multimedialny IVI MID z 10"" kolorowym ekranem dotykowym|Mirror Screen (WiFi), Apple CarPlay i Android Auto|Sterowanie systemem audio przyciskami na kierownicy|Zestaw głośnomówiący Bluetooth|Komendy głosowe|Dwa gniazda USB typu C|Moduł telematyczny SOS i Assistance|Wbudowana instrukcja obsługi",Poduszka powietrzna kierowcy|Podwójna poduszka powietrzna pasażerów z możliwością odłączenia|Trzypunktowe pasy bezpieczeństwa z napinaczami i ogranicznikami napięcia|Sygnalizator braku zapięcia pasów bezpieczeństwa|ABS z BAS|ESP z ASR i Hill Assist|System kontroli ciśnienia w oponach TPMS|Inteligentny tempomat z rekomendacją dozwolonej prędkości i ogranicznikiem|System automatycznego hamowania awaryjnego z ostrzeganiem o kolizji|Układ ostrzegania o niezamierzonej zmianie pasa ruchu i korekty toru jazdy|System monitorowania skupienia kierowcy|System automatycznej zmiany świateł drogowych i mijania|Rozpoznawanie znaków drogowych|Czujnik deszczu i zmierzchu|Tylne czujniki parkowania|Kamera cofania 180° z wizualizacją z góry|Immobilizer|Przednie reflektory przeciwmgłowe|Światła do jazdy dziennej,"Klimatyzacja manualna|Fotel kierowcy z podłokietnikiem, regulacją wysokości, wzdłużną, oparcia i odcinka lędźwiowego|Podwójna kanapa pasażerów|Tapicerka materiałowa|Kierownica i dźwignia zmiany biegów pokryte skórą|Regulacja położenia kolumny kierownicy w dwóch płaszczyznach|Elektrycznie regulowane i podgrzewane lusterka zewnętrzne|Elektrycznie składane lusterka boczne|Elektrycznie sterowane szyby boczne z przodu|Centralny zamek sterowany pilotem z funkcją selektywnego otwierania|Wspomaganie układu kierowniczego|Cyfrowy, kolorowy wyświetlacz kierowcy 10""|Komputer pokładowy|Przycisk Start/Stop|Manualny hamulec postojowy|Schowek na 2 smartfony w desce rozdzielczej|Centralny schowek na górze deski rozdzielczej|Podwójny schowek pasażera|Gniazda 12V","Drzwi boczne przesuwne prawe|Drzwi tylne dwuskrzydłowe pełne blaszane z kątem otwarcia 180°|Przegroda stała blaszana, nieprzeszklona|Przestrzeń ładunkowa zabezpieczona do połowy wysokości panelami Isorel|Uchwyty do mocowania ładunku|Oświetlenie w przestrzeni ładunkowej|Gniazdo 12V w przestrzeni ładunkowej|Podwyższona ładowność|Pakiet akustyczny z wyciszeniem odgłosów silnika|Pakiet City|Pakiet Icon|Lakier metalizowany Szary Maestro|Felgi stalowe 17"" z kołpakami|Zderzaki i osłony w kolorze nadwozia|Zestaw naprawczy do opon Fix&Go|Pełnowymiarowe koło zapasowe",Dodatkowe informacje,"Przedmiotem oferty jest Fiat Scudo Brygadowy Składany Seria 2 z silnikiem wysokoprężnym o pojemności 2.2l i mocy 150KM. Skrzynia biegów manualna, 6-biegowa.
_
Rok produkcji: 2026
DMC: 3100kg
Kolor lakieru:  szary maestro
Tapiecerka materiałowa:  Curitiba (materiałowa szara)
_
Cena auta katalogowa auta: 172 787 zł netto.
Cena promocyjna auta po rabacie: 116 000 zł netto
Auto zarejestrowane na dealera 03.07.2026, bez przebiegu.
Najniższa cena w ciągu ostatnich 30 dni: 119 900 zł netto.
Gwarancja fabryczna 8 lat lub 160 000 km
_
Wyposażenie standardowe:
- Pasy bezpiecz. trzypunkt. foteli bocz. 1go rzędu, regul. wys., napin. pirotech. i ogranicz. napięcia- Pasy bezpieczeństwa trzypunktowe fotela centralnego 1-go rzędu- Podwyższona ładowność- Schowek na 2 smartfony w środkowej, dolnej części desce rozdzielczej- Przestrzeń ładunkowa zabezpieczona do połowy wysokości panelami z tworzywa Isorel- Konsola z lampkami, wskaźnikami przypom. zapięcia pasów, modułem telemat. połączeń SOS i Assistance.- Oświetlenie w przestrzeni ładunkowej (R2 15W, R3 5W)- Wyłożenie podłogi w kabinie kierowcy plastikowe (TPO)- Zderzak przedni i tylny, lusterka boczne, listwy ochronne boczne, klamki w kolorze czarnym- Przegroda stała blaszana, nieprzeszklona za pierwszym rzędem siedzeń- Pakiet akustyczny: szyba przed. akust., szyby boczne pogrubione, wyciszenie odgłosów silnika i zewn. - Fotel kierowcy z podłokiet., regul.: wzdł., oparcia, wysokości, lędźw., kanapa dla dwóch pasażerów - Drzwi tylne dwuskrzydłowe pełne blaszane symetryczne, kąt otwarcia 180°, z zamkiem- Czujniki parkowania z tyłu- Drzwi boczne przesuwne prawe, sterowane manualnie- Felgi stal. szare 16"", półkołpaki, opony 215/65 R16 C 106 T lub 215/65 R16 C 109 T- Centr. schowek na górze deski rozdziel., podwójny schowek pasażera, otwarty u dołu, zamknięty u góry- Kolumna kierownicy regulowana w dwóch płaszczyznach- RCE radio AM/FM/DAB, ekran 5'' czarno-biały dotyk., Bluetooth, 4 głośniki, połączenia SOS i Assist.- Klimatyzacja manualna- Szyby drzwi przednich barwione, pogrubione, sterowane elektrycznie, sekwencyjne- Reflektory przednie ze światłami do jazdy dziennej- Dwa gniazda 12V (120W maks.): w dolnym schowku pasażera, z lewej strony ładowni przy drzwiach tyl.- Dwa kluczyki z pilotem zamka centralnego, 3 przyciski; funkcja selektywnego otwierania drzwi- System monitorowania skupienia kierowcy na prowadzeniu (DAA3)- Lusterka boczne składane manualnie- Układ ostrzegania o niezamierzonej zmianie pasa ruchu i korekty toru jazdy- Zestaw naprawczy do opon (kompresor 12 V + wkład uszczelniający)- System automatycznego włączania świateł mijania i wycieraczek szyby przedniej- Poduszki bezpieczeństwa kierowcy i podwójna pasażerów, ta ostatnia z możliwością odłączenia- Inteligentny tempomat z rekomendacją dozwolonej prędkości i ogranicznikiem prędkości- Systemy: ABS z BAS oraz ESP z ASR 9.3 i Hill Assist (wspomaganie ruszania na wzniesieniu)- Kierownica plastik., wielofunkc., manetki zmiany bieg. (skrzy. aut.) lub rekuperacji (wersje elekt.)- System automatycznej zmiany świateł drogowych i mijania- Mod. telemat. BTA lub BSRF - połącz. SOS i Assist., wers. elekt. program. ogrze. kab., łado. baterii- Lusterka boczne zewnętrzne sterowane elektrycznie i podgrzewane- Czujnik ciśnienia w oponach (pomiar pośredni)- Uchwyty do mocow. ładunku - 6 w wersjach Standard, 8 w wersjach Maxi, o 2 mniej w wersjach Brygad.- System automat. hamowania awaryjnego z poprzedzającym go ostrzeż. o możliwej kolizji przodem (VAEB)- Manualny hamulec postojowy- Wyświetlacz kierowcy cyfrowy, czarno-biały
Wyposażenie dodatkowe:
Pakiet City:
- system multimedialny IVI MID radio AM/FM/DAB z 10"" kolorowym ekranemdotykowym, Mirror Screen (WiFi), Apple CarPlayTM i Android AutoTM,komendy głosowe, dwa gniazda USB typu C, 4 głośniki, łączność 4G przezBSRF: połączenia SOS i Assistance, OTA 4G, wbudowana instrukcja obsługi,oferty usług marki Fiat, programowalne ogrzewanie i ładowanie w wersjachelektrycznych (K99)- wyświetlacz kierowcy 10"" cyfrowy, kolorowy (Y0X)- kamera cofania 180°, wizualizacja na ekranie dotykowym, funkcja widoku 180° z góry- programowalny tempomat
Pakiet Icon (wersje Standard)- zderzak przód i tył, osłony lusterek bocznych, klamki i listwy ochronne bocznew kolorze nadwozia- felgi stalowe czarne 17"" z kołpakami (za wyjątkiem pojazdów wyposażonychw system Grip Control)- lusterka boczne składane elektrycznie- światła przeciwmgłowe
AY6 Lakier metalizowany Szary Maestro
Auto dostępne do oględzin w naszym salonie, serdecznie zapraszamy. ST Motors, autoryzowany dealer Fiat Professional.
Krasnobrodzka 5, 03-214 Warszawa
ST Motors Grupa PGD sp. z o.o. sp. k
Fiat Professional salon Warszawa ul. Krasnobrodzka 5 Centrum Motoryzacyjne Toruńska:
Adrian Czyżewski +48 667 071 999
Jarosław Szmitko  +48 667 071 762
Maciej Strzerzyński +48 667 071 911
Zapraszamy!
Informacje umieszczone na stronie internetowej służą jedynie celom informacyjnym i nie stanowią oferty w rozumieniu przepisów KodeksuCywilnego oraz opisu towaru ani zapewnienia w rozumieniu art. 4 Ustawy z dnia 27 lipca 2002 r. o szczególnych warunkach sprzedażykonsumenckiej. Indywidualne uzgodnienie właściwości i specyfikacji pojazdu następuje w umowie sprzedaży. Zdjęcie prezentowanego modelujest zdjęciem przykładowym i może przedstawiać wersję inną niż oferowana w ogłoszeniu.","{""Rok produkcji"": ""2026"", ""Rodzaj"": ""furgon"", ""Silnik"": ""diesel"", ""Moc"": ""150 KM"", ""Pojemność"": ""2184 cm3"", ""Kolor nadwozia"": ""szary  metaliczny"", ""Numer oferty"": ""WBN00596FP"", ""Numer VIN"": ""VXFVPFC38TU449106"", ""Tytuł oferty"": ""FIAT Scudo Brygadowy Składany XL Diesel 2.2 150 KM Manual"", ""Cena netto"": ""116000 PLN"", ""Cena brutto (kalkulacja)"": ""142680 PLN"", ""Cena katalogowa netto"": ""172787 PLN"", ""Najniższa cena 30d"": ""116000 PLN"", ""Liczba pozycji wyposażenia"": 119}"
120610,https://fiat.pgd.pl/samochod/fiat-ducato-l2h1-2-2-h3-power-140km/id/120610,2026-08-14T09:35:15.646044+00:00,Fiat,Ducato,L2H1 2.2 H3-POWER 140KM,ZFA25000XTMD06057,119187,96 900 PLN netto,96900,Najniższa cena w ostatnich 30 dniach: 96 900 PLN netto,2026,0,Diesel,Manualna,140,,28.05.2026,2184,Przedni,Furgon,4,3,Biały,akryl niemetalizowany,Fiat PGD Warszawa,Krasnobrodzka 5,Warszawa,Trasa Toruńska przy rondzie Łabiszyńska,,,https://fiat.pgd.pl/p/o-nas/kontakt,123 000 055,https://fiat.pgd.pl/cache/site_single_car/uploads_fiat/cars/new/120610/img-20260707-115449232-hdr.jpg,13,https://fiat.pgd.pl/cache/site_single_car/uploads_fiat/cars/new/120610/img-20260707-115449232-hdr.jpg | https://fiat.pgd.pl/cache/site_single_car/uploads_fiat/cars/new/120610/img-20260707-115459985-hdr.jpg | https://fiat.pgd.pl/cache/site_single_car/uploads_fiat/cars/new/120610/img-20260707-115528124-hdr.jpg | https://fiat.pgd.pl/cache/site_single_car/uploads_fiat/cars/new/120610/img-20260707-115551930-hdr.jpg | https://fiat.pgd.pl/cache/site_single_car/uploads_fiat/cars/new/120610/img-20260707-115539789-hdr.jpg | https://fiat.pgd.pl/cache/site_single_car/uploads_fiat/cars/new/120610/img-20260707-115751210-hdr.jpg | https://fiat.pgd.pl/cache/site_single_car/uploads_fiat/cars/new/120610/img-20260707-115737140-hdr.jpg | https://fiat.pgd.pl/cache/site_single_car/uploads_fiat/cars/new/120610/img-20260707-115611809-hdr.jpg | https://fiat.pgd.pl/cache/site_single_car/uploads_fiat/cars/new/120610/img-20260707-115637846-hdr.jpg | https://fiat.pgd.pl/cache/site_single_car/uploads_fiat/cars/new/120610/img-20260707-115621040-hdr.jpg | https://fiat.pgd.pl/cache/site_single_car/uploads_fiat/cars/new/120610/img-20260707-115653050-hdr.jpg | https://fiat.pgd.pl/cache/site_single_car/uploads_fiat/cars/new/120610/img-20260707-115719069-hdr.jpg | https://fiat.pgd.pl/cache/site_single_car/uploads_fiat/cars/new/120610/img-20260707-115818630-hdr.jpg,"Radio 7"" Bluetooth + DAB + CP/AA + podwójny port ładowania|Radio Uconnect z 7-calowym dotykowym ekranem z portami USB i AUX i Bluetooth|Funkcja Android Auto / Carplay|Sterowanie systemem audio przyciskami na kierownicy|Zestaw głośnomówiący Bluetooth|Interfejs modułu telematycznego (m.in. połączenie SOS i Assistance)|Moduł telematyczny","Przednie, czołowe poduszki powietrzne (kierowcy i pasażera)|Trzypunktowe pasy bezpieczeństwa|Sygnalizator braku zapięcia pasów bezpieczeństwa kierowcy|ESP (System stabilizacji toru jazdy ESC, asystent bocznego wiatru, system stabilizacji przyczepy)|ABS|ASR|Tempomat z ogranicznikiem prędkości|Pre-Collision Assist|Immobilizer|System kontroli ciśnienia w oponach (TPMS)|Ostrzeżenie o zmęczeniu kierowcy (Drowsy Driver Detection)|Ostrzeżenie o niezamierzonej zmianie pasa ruchu|Funkcja wzywania pomocy|Przednie reflektory przeciwmgłowe|Światła do jazdy dziennej|Tylne czujniki parkowania|Czujnik deszczu|Czujnik zmierzchu|Kamera cofania z dynamicznymi liniami trajektorii ruchu|Sygnał dźwiękowy ostrzegający pieszych podczas cofania|Pakiet Safety","Regulacja położenia kolumny kierownicy|Elektrycznie regulowane szyby boczne z przodu|Boczne lusterka regulowane elektrycznie i podgrzewane, składane elektrycznie|Klimatyzacja manualna|Komputer pokładowy|Podłokietnik siedzenia kierowcy|Wspomaganie układu kierowniczego|Centralny zamek sterowany pilotem|System Start/Stop|Tapicerka czarna standard ""Crepe"" pojedyncze przeszycia, pełne zagłówki|Uchwyty na kubek|Dwumiejscowe siedzenie pasażerów|Półka pod sufitem|Instrukcja obsługi w języku polskim","Pełnowymiarowe koło zapasowe z koszem|15"" stalowe felgi z kołpakami|Dach średni|Odsuwane drzwi boczne po prawej stronie|Drzwi tylne dwuskrzydłowe pełne z kątem otwarcia 270°|Alternator 180A|Akumulator L5 95Ah|Trwała przegroda z blachy bez szyby|Zestaw naprawczy do opon ""Fix&Go""|Zderzak przedni w kolorze czarnym|Aerodynamiczny pakiet redukujący emisję CO2|Opony N1 Klasy A|Uchwyty do mocowania przedmiotów w przedziale ładunkowym|Zbiornik paliwa 90L|Osłona przedniego grilla w kolorze nadwozia|Pakiet Techno|Pakiet Cargo",Dodatkowe informacje,"Przedmiotem ogłoszenia jest auto dostawcze Fiat Ducato L2H1 furgon.
Skrzynia biegów manualna 6-biegowa , silnik wysokoprężny o pojemności 2.2l i mocy 140KM.
_
Rok produkcji: 2026
DMC: 3300 KG
Ładowność: 1175 kg
Kolor lakieru:  Biały
Ilość miejsc: 3
Tapiecerka materiałowa:  Crepe
Auto zarejestrowane na dealera 28.05.2026, bez przebiegu.
Gwarancja 2 lata bez limitu likometrów plus dodatkowe 2 lata (w sunie 4 lata lub 200 000km od daty rejetracji)
_
Cena auta katalogowa auta: 147 427 zł netto.
Cena promocyjna auta po rabacie: 98 900 zł netto.
Najniższa cena w ciągu ostatnich 30 dni: 98 900 zł netto
_
Auto fabrycznie nowe, bez przebiegu.
_
Wyposażenie standardowe:
01P - Sygnał dźwiękowy ostrzegający pieszych podczas cofania025 - Klimatyzacja manualna02S - Alternator 180A02T - Akumulator L5 95Ah03C - Elektryczne wspomaganie kierownicy03G - Felgi stalowe 15""041 - Boczne lusterka regulowane elektrycznie i podgrzewane0MM - Opcja techniczna RM132 - Podłokietnik siedzenia kierowcy149 - Trwała przegroda z blachy bez szyby1CQ - Drowsy Driver Detection2PX - Radio 5"" Bluetooth + Dab2VW - Identyfikacja pojazdów low drag caliper31Q - Instrukcja obsługi392 - System stabilizacji toru jazdy ESC (plus asystent bocznego wiatru, system stabilizacji przyczepy)499 - Zestaw naprawczy do opon ""Fix&Go""4B0 - Uchwyty na kubek4JK - Ducato Easy Pro4MZ - TAPICERKA CZARNA STANDARD ""CREPE"" POJEDYNCZE PRZESZYCIA, PEŁNE ZAGŁÓWKI4WH - Zderzak przedni w kolorze czarnym500 - Poduszka powietrzna kierowcy502 - Poduszka powietrzna pasażera508 - Czujniki cofania516 - Drzwi tylne dwuskrzydłowe pełne5EM - Obwódki przednich reflektorów w kolorze czarnym5F4 - Pakiet Safety5K8 - Aerodynamiczny pakiet redukujący emisję CO25PP - Opony N1 Klasy A 215/70 R15C lub 215/75 R16C, w zależności od wersji692 - Światła do jazdy dziennej6HQ - Nalepka informacyjna ""Ciao Fiat""734 - Uchwyty do mocowania przedmiotów w przedziale ładunkowym738 - Zbiornik paliwa 90L739 - Interfejs modułu telematycznego (m.in. połączenie SOS i Assistance)7B2 - System monitorujący ciśnienie w oponach (TPMS - pomiar pośredni)858 - Instrukcja obsługi w języku polskim9VX - Dwumiejscowe siedzenie pasażerówJN1 - ROK MODELOWY 2026MMK - Osłona przedniego grilla w kolorze nadwoziaNHR - Tempomat z ogranicznikiem prędkościRDG - Moduł telematycznyXCP - Czujnik zapięcia pasów bezpieczeństwa
Wyposażenie dodatkowe:
Kamera cofania z dynamicznymi kolorowymi liniami wyznaczającymi trajektorię ruchu pojazdu
Pełnowymiarowe koło zapasowe z koszem
Półka pod sufitem
Radio 7"" Bluetooth + DAB + CP/AA + podwójny port ładowania
Krasnobrodzka 5, 03-214 Warszawa
ST Motors Grupa PGD sp. z o.o. sp. k
Fiat Professional salon Warszawa ul. Krasnobrodzka 5 Centrum Motoryzacyjne Toruńska:
Jarosław Szmitko 667-071-762
Maciej Strzerzyński 667-071-911
Informacje umieszczone na stronie internetowej służą jedynie celom informacyjnym i nie stanowią oferty w rozumieniu przepisów KodeksuCywilnego oraz opisu towaru ani zapewnienia w rozumieniu art. 4 Ustawy z dnia 27 lipca 2002 r. o szczególnych warunkach sprzedażykonsumenckiej. Indywidualne uzgodnienie właściwości i specyfikacji pojazdu następuje w umowie sprzedaży. Zdjęcie prezentowanego modelujest zdjęciem przykładowym i może przedstawiać wersję inną niż oferowana w ogłoszeniu.","{""Rok produkcji"": ""2026"", ""Rodzaj"": ""furgon"", ""Silnik"": ""diesel"", ""Moc"": ""140 KM"", ""Pojemność"": ""2184 cm3"", ""Kolor nadwozia"": ""biały  akryl (niemetalizowany)"", ""Numer oferty"": ""WBN00493FP"", ""Numer VIN"": ""ZFA25000XTMD06057"", ""Tytuł oferty"": ""FIAT Ducato L2H1 2.2 H3-POWER 140KM"", ""Cena netto"": ""96900 PLN"", ""Cena brutto (kalkulacja)"": ""119187 PLN"", ""Cena katalogowa netto"": ""147427 PLN"", ""Najniższa cena 30d"": ""96900 PLN"", ""Liczba pozycji wyposażenia"": 100}"
120140,https://fiat.pgd.pl/samochod/fiat-ducato-maxi-furgon-l4h2-2-2-h3-power-180km/id/120140,2026-08-14T09:35:19.528485+00:00,Fiat,Ducato,Maxi Furgon L4H2 2.2 H3-POWER 180KM (Samochód demonstracyjny),ZFA250000RG030816,135300,110 000 PLN netto,110000,Najniższa cena w ostatnich 30 dniach: 110 000 PLN netto,2024,12230,Diesel,Automatyczna,180,,,2184,Przedni,Furgon,4,3,biały,,Fiat PGD Warszawa,Krasnobrodzka 5,Warszawa,Trasa Toruńska przy rondzie Łabiszyńska,,,https://fiat.pgd.pl/p/o-nas/kontakt,123 000 055,https://fiat.pgd.pl/cache/site_single_car/uploads_fiat/cars/demo/120140/img-20260602-140900439-hdr-2.jpg,17,https://fiat.pgd.pl/cache/site_single_car/uploads_fiat/cars/demo/120140/img-20260602-140900439-hdr-2.jpg | https://fiat.pgd.pl/cache/site_single_car/uploads_fiat/cars/demo/120140/img-20260602-140908796-hdr-2.jpg | https://fiat.pgd.pl/cache/site_single_car/uploads_fiat/cars/demo/120140/img-20260602-141159360-hdr.jpg | https://fiat.pgd.pl/cache/site_single_car/uploads_fiat/cars/demo/120140/img-20260602-141150373-hdr-2.jpg | https://fiat.pgd.pl/cache/site_single_car/uploads_fiat/cars/demo/120140/img-20260602-141223326-hdr.jpg | https://fiat.pgd.pl/cache/site_single_car/uploads_fiat/cars/demo/120140/img-20260602-141830873-hdr.jpg | https://fiat.pgd.pl/cache/site_single_car/uploads_fiat/cars/demo/120140/img-20260602-141257510-hdr.jpg | https://fiat.pgd.pl/cache/site_single_car/uploads_fiat/cars/demo/120140/img-20260602-141309309-hdr.jpg | https://fiat.pgd.pl/cache/site_single_car/uploads_fiat/cars/demo/120140/img-20260602-141830873-hdr-3.jpg | https://fiat.pgd.pl/cache/site_single_car/uploads_fiat/cars/demo/120140/img-20260602-141223326-hdr-2.jpg | https://fiat.pgd.pl/cache/site_single_car/uploads_fiat/cars/demo/120140/img-20260602-141349581-hdr.jpg | https://fiat.pgd.pl/cache/site_single_car/uploads_fiat/cars/demo/120140/img-20260602-141257510-hdr-2.jpg | https://fiat.pgd.pl/cache/site_single_car/uploads_fiat/cars/demo/120140/img-20260602-141254000-hdr-2.jpg | https://fiat.pgd.pl/cache/site_single_car/uploads_fiat/cars/demo/120140/img-20260602-141743131-hdr-2.jpg | https://fiat.pgd.pl/cache/site_single_car/uploads_fiat/cars/demo/120140/img-20260602-141314718-hdr-2.jpg | https://fiat.pgd.pl/cache/site_single_car/uploads_fiat/cars/demo/120140/img-20260602-141738691-hdr-2.jpg | https://fiat.pgd.pl/cache/site_single_car/uploads_fiat/cars/demo/120140/img-20260602-141702205-hdr-2.jpg,"Radio fabryczne z 10-calowym ekranem dotykowym i nawigacją|Radio 5"" Bluetooth z DAB|Zestaw głośnomówiący Bluetooth|Funkcja Apple CarPlay / Android Auto|Nawigacja satelitarna GPS|Sterowanie systemem audio przyciskami na kierownicy|Podwójny port USB|Usługi łączności i moduł telematyczny z połączeniem SOS i Assistance","Przednie, czołowe poduszki powietrzne kierowcy i pasażera|Poduszka powietrzna pasażera|Trzypunktowe pasy bezpieczeństwa z sygnalizatorem braku zapięcia|ABS|ESP / ESC z asystentem bocznego wiatru|ASR|System Pre-Collision Assist|Ostrzeżenie o zmęczeniu kierowcy|Ostrzeżenie o niezamierzonej zmianie pasa ruchu|Rozpoznawanie znaków drogowych|Tempomat z ogranicznikiem prędkości|System monitorowania ciśnienia w oponach (TPMS)|Przednie reflektory Full LED|Światła do jazdy dziennej|Przednie reflektory przeciwmgłowe z doświetlaniem zakrętów|Czujnik deszczu i zmierzchu|Tylne czujniki parkowania i cofania|Kamera cofania z dynamicznymi liniami|Sygnał dźwiękowy ostrzegający pieszych podczas cofania|Pakiet BEZPIECZEŃSTWA RM24|Pakiet VISIBILITY PLUS","Klimatyzacja automatyczna|Komputer pokładowy|Regulacja położenia kolumny kierownicy|Wspomaganie układu kierowniczego|Elektryczne wspomaganie kierownicy|Elektrycznie regulowane szyby boczne z przodu|Lusterka zewnętrzne regulowane, podgrzewane i składane elektrycznie|Fotel kierowcy z podłokietnikiem|Dwumiejscowe siedzenie pasażerów ze składanym stolikiem|Tapicerka czarna standard ""Crepe"" z pojedynczymi przeszyciami i pełnymi zagłówkami|Półka pod sufitem|Uchwyty na kubek|Pakiet TECHNO|Zestawska instrukcja obsługi","16"" stalowe felgi z kołpakami i wzmocnionej stali|Pełnowymiarowe koło zapasowe z koszem|Zestaw naprawczy do opon ""Fix&Go""|Opony N1 klasy A 215/70 R15C lub 215/75 R16C|Dach średni|Drzwi boczne odsuwane po prawej stronie|Drzwi tylne dwuskrzydłowe pełne otwierane pod kątem 270°|Trwała przegroda z blachy bez szyby|Uchwyty do mocowania przedmiotów w przedziale ładunkowym|Zawieszenie tylne z podwójnymi resorami|Zbiornik paliwa 90L|Alternator 180A|Akumulator L5 95Ah|Zderzak przedni w kolorze czarnym|Obwódki przednich reflektorów w kolorze czarnym|Osłona przedniego grilla w kolorze nadwozia|Aerodynamiczny pakiet redukujący emisję CO2 z aktywną osłoną|Nalepka informacyjna ""Ciao Fiat""",Dodatkowe informacje,"Przedmiotem ogłoszenia jest auto dostawcze FIAT Ducato Maxi Furgon L4H2 2.2 H3-POWER. Skrzynia biegów manualna 6-biegowa, silnik wysokoprężny o pojemności 2.2l i mocy 180KM.
Auto demonstracyjne z przebiegiem 12230 km, data pierwszej rejestracji 26.06.2024. Podstawowa gwarancja producenta do 26.06.2026 z możliwością przedłużenia.
Auto posiada zarysowanie na grillu widoczne na zdjęciach. Auto z kompletną zabudową ze sklejki.
_
Rok produkcji: 2024
DMC: 3500kg
Ładowność: 1335 kg
Kolor lakieru:  Biały
Tapiecerka materiałowa:  Crepe
_
Cena auta katalogowa auta: 170 956 zł netto.
Cena auta: 110 000 zł netto
Najniższa cena w ciągu ostatnich 30 dni: 125 000 zł netto
Na miejscu możliwość zapoznania się z ofertą leasingową, ubezpieczeniową, pakietów gwarancyjnych/serwisowych.
_
Wyposażenie standardowe:
- Sygnał dźwiękowy ostrzegający pieszych podczas cofania- Klimatyzacja manualna- Alternator 180A- Akumulator L5 95Ah- Elektryczne wspomaganie kierownicy- Boczne lusterka regulowane elektrycznie i podgrzewane- Podłokietnik siedzenia kierowcy- Trwała przegroda z blachy bez szyby- Dwumiejscowe siedzenie pasażerów ze składanym stolikiem- Radio 5"" Bluetooth + Dab- System stabilizacji toru jazdy ESC (rozszerzony o asystenta bocznego wiatru, system stabilizacji prz- Zestaw naprawczy do opon ""Fix&Go""- Uchwyty na kubek- TAPICERKA CZARNA STANDARD ""CREPE"" POJEDYNCZE PRZESZYCIA, PEŁNE ZAGŁÓWKI- Zderzak przedni w kolorze czarnym- Poduszka powietrzna kierowcy- Poduszka powietrzna pasażera- Czujniki cofania- Drzwi tylne dwuskrzydłowe pełne- Obwódki przednich reflektorów w kolorze czarnym- 16"" Felgi ze wzmocnionej stali- PAKIET BEZPIECZEŃSTWA RM24- Aerodynamiczny pakiet redukujący emisję CO2: odpowiednio wyprofilowany zderzak oraz aktywna osłona p- OPONY N1 KLASY A 215/70 R15C lub 215/75 R16C, w zależności od wersji- Światła do jazdy dziennej- Nalepka informacyjna ""Ciao Fiat""- Uchwyty do mocowania przedmiotów w przedziale ładunkowym- Zbiornik paliwa 90L- Interfejs modułu telematycznego (m.in. połączenie SOS i Assistance)- System monitorujący ciśnienie w oponach (TPMS - pomiar pośredni)- Instrukcja obsługi w języku polskim- Osłona przedniego grilla w kolorze nadwozia- Tempomat z ogranicznikiem prędkości- Moduł telematyczny- Czujnik zapięcia pasów bezpieczeństwa
Wyposażenie dodatkowe:
Pełnowymiarowe koło zapasowe z koszem
Półka pod sufitem
Kamera cofania z dynamicznymi liniami
Zawieszenie tylne z podwójnymi resorami
Drzwi tylne otwierane pod kątem 270 stopni
Pakiet VISIBILITY PLUS (Światła przeciwmgielne z doświetlaniem zakrętów, Czujnik deszczu i zmierzchu, Reflektory przednie Full LED)
Pakiet TECHNO (Radio 10-calowe z nawigacją, Bluetooth, Carplay/Android Auto, DAB i sterowaniem na kierownicy, Podwójny port USB w miejscu gniazda zapalniczki, Klimatyzacja automatyczna, Usługi łączności)
ST Motors Grupa PGD sp. z o.o. sp. k
Fiat Professional salon Warszawa ul. Krasnobrodzka 5 Centrum Motoryzacyjne Toruńska:
Adrian Czyżewski 667-071-999
Jarosław Szmitko 667-071-762
Maciej Strzerzyński 667-071-911
Informacje umieszczone na stronie internetowej służą jedynie celom informacyjnym i nie stanowią oferty w rozumieniu przepisów KodeksuCywilnego oraz opisu towaru ani zapewnienia w rozumieniu art. 4 Ustawy z dnia 27 lipca 2002 r. o szczególnych warunkach sprzedażykonsumenckiej. Indywidualne uzgodnienie właściwości i specyfikacji pojazdu następuje w umowie sprzedaży. Zdjęcie prezentowanego modelujest zdjęciem przykładowym i może przedstawiać wersję inną niż oferowana w ogłoszeniu.","{""Rok produkcji"": ""2024"", ""Rodzaj"": ""furgon"", ""Silnik"": ""diesel"", ""Moc"": ""180 KM"", ""Pojemność"": ""2184 cm3"", ""Kolor nadwozia"": ""biały"", ""Przebieg"": ""12 230 km"", ""Numer oferty"": ""WBN00169FP"", ""Numer VIN"": ""ZFA250000RG030816"", ""Tytuł oferty"": ""FIAT Ducato Maxi Furgon L4H2 2.2 H3-POWER 180KM (Samochód demonstracyjny)"", ""Cena netto"": ""110000 PLN"", ""Cena brutto (kalkulacja)"": ""135300 PLN"", ""Cena katalogowa netto"": ""170955 PLN"", ""Najniższa cena 30d"": ""110000 PLN"", ""Liczba pozycji wyposażenia"": 90}"
119991,https://fiat.pgd.pl/samochod/fiat-ducato-maxi-furgon-l4h2-2-2-h3-power-140km/id/119991,2026-08-14T09:35:23.839882+00:00,Fiat,Ducato,Maxi Furgon L4H2 2.2 H3-POWER 140KM,ZFA250005TG042824,138867,112 900 PLN netto,112900,Najniższa cena w ostatnich 30 dniach: 112 900 PLN netto,2026,0,Diesel,Manualna,140,,03.07.2026,2184,Przedni,Furgon,4,3,Biały,akryl niemetalizowany,Fiat PGD Warszawa,Krasnobrodzka 5,Warszawa,Trasa Toruńska przy rondzie Łabiszyńska,,,https://fiat.pgd.pl/p/o-nas/kontakt,123 000 055,https://fiat.pgd.pl/cache/site_single_car/uploads_fiat/cars/new/119991/img-20260714-151826087-hdr-2.jpg,16,https://fiat.pgd.pl/cache/site_single_car/uploads_fiat/cars/new/119991/img-20260714-151826087-hdr-2.jpg | https://fiat.pgd.pl/cache/site_single_car/uploads_fiat/cars/new/119991/img-20260714-151842325-hdr.jpg | https://fiat.pgd.pl/cache/site_single_car/uploads_fiat/cars/new/119991/img-20260714-151856215-hdr.jpg | https://fiat.pgd.pl/cache/site_single_car/uploads_fiat/cars/new/119991/img-20260714-151931341-hdr.jpg | https://fiat.pgd.pl/cache/site_single_car/uploads_fiat/cars/new/119991/img-20260714-152124802-hdr.jpg | https://fiat.pgd.pl/cache/site_single_car/uploads_fiat/cars/new/119991/img-20260714-152113954-hdr.jpg | https://fiat.pgd.pl/cache/site_single_car/uploads_fiat/cars/new/119991/img-20260714-152305380-hdr.jpg | https://fiat.pgd.pl/cache/site_single_car/uploads_fiat/cars/new/119991/img-20260714-152310112-hdr.jpg | https://fiat.pgd.pl/cache/site_single_car/uploads_fiat/cars/new/119991/img-20260714-152320175-hdr.jpg | https://fiat.pgd.pl/cache/site_single_car/uploads_fiat/cars/new/119991/img-20260714-152327804-hdr.jpg | https://fiat.pgd.pl/cache/site_single_car/uploads_fiat/cars/new/119991/img-20260714-152343810-hdr.jpg | https://fiat.pgd.pl/cache/site_single_car/uploads_fiat/cars/new/119991/img-20260714-152255023-hdr.jpg | https://fiat.pgd.pl/cache/site_single_car/uploads_fiat/cars/new/119991/img-20260714-152347717-hdr.jpg | https://fiat.pgd.pl/cache/site_single_car/uploads_fiat/cars/new/119991/img-20260714-152406128-hdr.jpg | https://fiat.pgd.pl/cache/site_single_car/uploads_fiat/cars/new/119991/img-20260714-152427384-hdr.jpg | https://fiat.pgd.pl/cache/site_single_car/uploads_fiat/cars/new/119991/img-20260714-152432615-hdr.jpg,"Radio Uconnect DAB z 7-calowym dotykowym ekranem z portami USB, AUX i Bluetooth|Funkcja Android Auto / Apple CarPlay|Sterowanie systemem audio przyciskami na kierownicy|Zestaw głośnomówiący Bluetooth|Interfejs modułu telematycznego z połączeniem SOS i Assistance|Podwójny port USB w miejscu gniazda zapalniczki",Przednie czołowe poduszki powietrzne kierowcy i pasażera|Trzypunktowe pasy bezpieczeństwa|Sygnalizator braku zapięcia pasów bezpieczeństwa|ABS|ESP z asystentem bocznego wiatru|ASR|System stabilizacji toru jazdy ESC|Tempomat z ogranicznikiem prędkości|Pre-Collision Assist|Immobilizer|System kontroli ciśnienia w oponach TPMS|Ostrzeżenie o zmęczeniu kierowcy|Ostrzeżenie o niezamierzonej zmianie pasa ruchu|Rozpoznawanie znaków drogowych|Sygnał dźwiękowy ostrzegający pieszych podczas cofania|Światła do jazdy dziennej|Światła przeciwmgielne z doświetlaniem zakrętów|Czujnik deszczu i zmierzchu|Tylne czujniki parkowania|Kamera cofania z dynamicznymi liniami trajektorii ruchu,Klimatyzacja manualna|Komputer pokładowy|Wspomaganie układu kierowniczego|Regulacja położenia kolumny kierownicy|Centralny zamek sterowany pilotem|Elektrycznie regulowane szyby boczne z przodu|Boczne lusterka regulowane i składane elektrycznie oraz podgrzewane|Tapicerka Czarna Lounge Crepe podwójne srebrne przeszycia|Dwumiejscowe siedzenie pasażera z funkcją mobilnego biura i ruchomym stolikiem|Podłokietnik kierowcy|Kierownica i dźwignia zmiany biegów obszyte skórą ekologiczną|Deska rozdzielcza Techno z chromowanymi wlotami powietrza|Półka pod sufitem|Schowek pod fotelem kierowcy|Uchwyty na kubek,Dach średni|Drzwi odsuwane boczne po prawej stronie|Drzwi tylne dwuskrzydłowe otwierane pod kątem 270 stopni|Trwała przegroda z blachy bez szyby|Oświetlenie LED w przedziale ładunkowym|Uchwyty do mocowania przedmiotów w przedziale ładunkowym|Gniazdo 12V w przestrzeni ładunkowej|Wzmocnione zawieszenie tylne z podwójnymi resorami|16-calowe felgi ze wzmocnionej stali z kołpakami|Pełnowymiarowe koło zapasowe z koszem|Zestaw naprawczy do opon Fix&Go|Opony N1 klasy A|Zderzak przedni w kolorze czarnym|Osłona przedniego grilla w kolorze nadwozia|Plastikowe listwy ochronne na przednich nadkolach|Obwódki przednich reflektorów w kolorze czarnym|Zbiornik paliwa 90L|Alternator 180A|Akumulator L5 95Ah|Pakiet Bezpieczeństwa RM24|Aerodynamiczny pakiet redukujący emisję CO2|Pakiet Magic Fiat|Instrukcja obsługi w języku polskim|Nalepka informacyjna Ciao Fiat,Dodatkowe informacje,"Przedmiotem ogłoszenia jest auto dostawcze FIAT Ducato Maxi Furgon L3H2 2.2 H3-POWER. Skrzynia biegów manualna 6-biegowa, silnik wysokoprężny o pojemności 2.2l i mocy 140KM.
_
Rok produkcji: 2026
DMC: 3500kg
Ładowność: 1335 kg
Kolor lakieru:  Biały
Tapiecerka materiałowa:  Lounge
_
Cena auta katalogowa auta: 164 757 zł netto.
Cena auta po rabacie: 112 900 zł netto
Najniższa cena w ciągu ostatnich 30 dni: 112 900 zł netto
Auto zarejestrowane na dealera 03.07.2026, bez przebiegu.
Sedecznie zachęcamy do zapoznania się z ofertą leasingu promocyjnego od 101,9% w Stellentis Financial Services oraz ubezpieczenia na pierwszy rok za 0,5%!
Wyposażenie standardowe:
- Sygnał dźwiękowy ostrzegający pieszych podczas cofania- Klimatyzacja manualna- Alternator 180A- Akumulator L5 95Ah- Elektryczne wspomaganie kierownicy- Boczne lusterka regulowane elektrycznie i podgrzewane- Podłokietnik siedzenia kierowcy- Trwała przegroda z blachy bez szyby- Dwumiejscowe siedzenie pasażerów ze składanym stolikiem- Radio 5"" Bluetooth + Dab- System stabilizacji toru jazdy ESC (rozszerzony o asystenta bocznego wiatru, system stabilizacji prz- Zestaw naprawczy do opon ""Fix&Go""- Uchwyty na kubek- TAPICERKA CZARNA STANDARD ""CREPE"" POJEDYNCZE PRZESZYCIA, PEŁNE ZAGŁÓWKI- Zderzak przedni w kolorze czarnym- Poduszka powietrzna kierowcy- Poduszka powietrzna pasażera- Czujniki cofania- Drzwi tylne dwuskrzydłowe pełne- Obwódki przednich reflektorów w kolorze czarnym- 16"" Felgi ze wzmocnionej stali- PAKIET BEZPIECZEŃSTWA RM24- Aerodynamiczny pakiet redukujący emisję CO2: odpowiednio wyprofilowany zderzak oraz aktywna osłona p- OPONY N1 KLASY A 215/70 R15C lub 215/75 R16C, w zależności od wersji- Światła do jazdy dziennej- Nalepka informacyjna ""Ciao Fiat""- Uchwyty do mocowania przedmiotów w przedziale ładunkowym- Zbiornik paliwa 90L- Interfejs modułu telematycznego (m.in. połączenie SOS i Assistance)- System monitorujący ciśnienie w oponach (TPMS - pomiar pośredni)- Instrukcja obsługi w języku polskim- Osłona przedniego grilla w kolorze nadwozia- Tempomat z ogranicznikiem prędkości- Moduł telematyczny- Czujnik zapięcia pasów bezpieczeństwa
Wyposażenie dodatkowe:
077 Wzmocnione zawieszenie tylne z podwójnymi resorami
4BJ Plastikowe listwy ochronne na przednich nadkolach
4DHPełnowymiarowe koło zapasowe z koszem
835 Półka pod sufitem
8RS Tapicerka Czarna Lounge ""Crepe"" podwójne srebrne przeszycia, zawiera opcje 2QC - dwumiejscowe siedzenie pasażerów ze składanym stolikiem.
C92 PAKIET MAGIC FIAT (dla Furgonów L4):
1RB Radio 7"" Bluetooth + DAB + CP/AARS3 Podwójny port USB w miejscu gniazda zapalniczki2QC Dwumiejscowe siedzenie pasażera z funkcją mobilnego biurai ruchomym stolikiem0XW Deska rozdzielcza Techno z chromowanymi wlotami powietrza320 Kierownica + dźwignia zmiany biegów obszyte skórą ekologiczną7WV Schowek pod fotelem kierowcy50E Obudowy mocowań foteliLPZ Światła przeciwmgielne z doświetlaniem zakrętów051 Czujnik deszczu i zmierzchu316 Kamera cofania z dynamicznymi kolorowymi liniami wyznaczającymitrajektorię ruchu pojazdu823 Gniazdo 12V w przestrzeni ładunkowej619 Drzwi tylne otwierane pod kątem 270 stopniLHA Oświetlenie LED w przedziale ładunkowym
Krasnobrodzka 5, 03-214 Warszawa
ST Motors Grupa PGD sp. z o.o. sp. k
Fiat Professional salon Warszawa ul. Krasnobrodzka 5 Centrum Motoryzacyjne Toruńska:
Jarosław Szmitko 667-071-762
Adrian Czyżewski 667-071-999
Maciej Strzerzyński 667-071-911
Informacje umieszczone na stronie internetowej służą jedynie celom informacyjnym i nie stanowią oferty w rozumieniu przepisów KodeksuCywilnego oraz opisu towaru ani zapewnienia w rozumieniu art. 4 Ustawy z dnia 27 lipca 2002 r. o szczególnych warunkach sprzedażykonsumenckiej. Indywidualne uzgodnienie właściwości i specyfikacji pojazdu następuje w umowie sprzedaży. Zdjęcie prezentowanego modelujest zdjęciem przykładowym i może przedstawiać wersję inną niż oferowana w ogłoszeniu.","{""Rok produkcji"": ""2026"", ""Rodzaj"": ""furgon"", ""Silnik"": ""diesel"", ""Moc"": ""140 KM"", ""Pojemność"": ""2184 cm3"", ""Kolor nadwozia"": ""biały  akryl (niemetalizowany)"", ""Numer oferty"": ""WBN000498FP"", ""Numer VIN"": ""ZFA250005TG042824"", ""Tytuł oferty"": ""FIAT Ducato Maxi Furgon L4H2 2.2 H3-POWER 140KM"", ""Cena netto"": ""112900 PLN"", ""Cena brutto (kalkulacja)"": ""138867 PLN"", ""Cena katalogowa netto"": ""164757 PLN"", ""Najniższa cena 30d"": ""112900 PLN"", ""Liczba pozycji wyposażenia"": 104}"
119974,https://fiat.pgd.pl/samochod/fiat-ducato-l2h2-2-2-h3-power-140km/id/119974,2026-08-14T09:35:27.476724+00:00,Fiat,Ducato,L2H2 2.2 H3-POWER 140KM,ZFA250006TG042816,133455,108 500 PLN netto,108500,Najniższa cena w ostatnich 30 dniach: 108 500 PLN netto,2026,0,Diesel,Manualna,140,,03.07.2026,2184,Przedni,Furgon,4,3,Biały,akryl niemetalizowany,Fiat PGD Warszawa,Krasnobrodzka 5,Warszawa,Trasa Toruńska przy rondzie Łabiszyńska,,,https://fiat.pgd.pl/p/o-nas/kontakt,123 000 055,https://fiat.pgd.pl/cache/site_single_car/uploads_fiat/cars/new/119974/img-20260520-161433027-hdr.jpg,13,https://fiat.pgd.pl/cache/site_single_car/uploads_fiat/cars/new/119974/img-20260520-161433027-hdr.jpg | https://fiat.pgd.pl/cache/site_single_car/uploads_fiat/cars/new/119974/img-20260520-161444720-hdr.jpg | https://fiat.pgd.pl/cache/site_single_car/uploads_fiat/cars/new/119974/img-20260520-161510726-hdr.jpg | https://fiat.pgd.pl/cache/site_single_car/uploads_fiat/cars/new/119974/img-20260520-161519350-hdr.jpg | https://fiat.pgd.pl/cache/site_single_car/uploads_fiat/cars/new/119974/img-20260520-161456831-hdr.jpg | https://fiat.pgd.pl/cache/site_single_car/uploads_fiat/cars/new/119974/img-20260520-161610979-hdr.jpg | https://fiat.pgd.pl/cache/site_single_car/uploads_fiat/cars/new/119974/img-20260520-161618562-hdr.jpg | https://fiat.pgd.pl/cache/site_single_car/uploads_fiat/cars/new/119974/img-20260714-152310112-hdr.jpg | https://fiat.pgd.pl/cache/site_single_car/uploads_fiat/cars/new/119974/img-20260714-152320175-hdr.jpg | https://fiat.pgd.pl/cache/site_single_car/uploads_fiat/cars/new/119974/img-20260714-152305380-hdr.jpg | https://fiat.pgd.pl/cache/site_single_car/uploads_fiat/cars/new/119974/img-20260714-152252977-hdr.jpg | https://fiat.pgd.pl/cache/site_single_car/uploads_fiat/cars/new/119974/img-20260714-152343810-hdr.jpg | https://fiat.pgd.pl/cache/site_single_car/uploads_fiat/cars/new/119974/img-20260714-152327804-hdr.jpg,"Radio 7"" Bluetooth + DAB + CP/AA|Podwójny port USB w miejscu gniazda zapalniczki|Sterowanie systemem audio przyciskami na kierownicy|Zestaw głośnomówiący Bluetooth|Funkcja Android Auto / Carplay|Interfejs modułu telematycznego (połączenie SOS i Assistance)|Moduł telematyczny",Przednie czołowe poduszki powietrzne (kierowcy i pasażera)|Trzypunktowe pasy bezpieczeństwa|Sygnalizator braku zapięcia pasów bezpieczeństwa|System stabilizacji toru jazdy ESC z asystentem bocznego wiatru|ABS|ASR|Pre-Collision Assist|Immobilizer|Ostrzeżenie o zmęczeniu kierowcy|Ostrzeżenie o niezamierzonej zmianie pasa ruchu|Funkcja wzywania pomocy|Przednie reflektory przeciwmgłowe|Światła do jazdy dziennej|Tylne czujniki parkowania|Czujnik deszczu|Czujnik zmierzchu|System monitorujący ciśnienie w oponach (TPMS)|System Start/Stop|Sygnał dźwiękowy ostrzegający pieszych podczas cofania|Światła przeciwmgielne z doświetlaniem zakrętów|Tempomat z ogranicznikiem prędkości|Kamera cofania z dynamicznymi kolorowymi liniami wyznaczającymi trajektorię ruchu pojazdu,Regulacja położenia kolumny kierownicy|Lusterka zewnętrzne regulowane i składane elektrycznie i podgrzewane|Elektrycznie regulowane szyby boczne z przodu|Klimatyzacja manualna|Komputer pokładowy|Gniazdo 12V|Wspomaganie układu kierowniczego|Centralny zamek sterowany pilotem|Dwumiejscowe siedzenie pasażera z funkcją mobilnego biura i ruchomym stolikiem|Uchwyty na kubek|Zderzak przedni w kolorze czarnym|Tapicerka czarna LOUNGE|Półka pod sufitem|Deska rozdzielcza Techno z chromowanymi wlotami powietrza|Kierownica i dźwignia zmiany biegów obszyte skórą ekologiczną|Schowek pod fotelem kierowcy|Obudowy mocowań foteli|Podłokietnik kierowcy,"Pełnowymiarowe koło zapasowe z koszem|15"" stalowe felgi z kołpakami|16"" Felgi ze wzmocnionej stali|Dach średni|Drzwi odsuwane boczne po prawej stronie|Drzwi tylne dwuskrzydłowe otwierane pod kątem 270 stopni|Alternator 180A|Akumulator L5 95Ah|Trwała przegroda z blachy bez szyby|Zestaw naprawczy do opon ""Fix&Go""|Obwódki przednich reflektorów w kolorze czarnym|PAKIET BEZPIECZEŃSTWA RM24|Aerodynamiczny pakiet redukujący emisję CO2|OPONY N1 KLASY A 215/70 R15C lub 215/75 R16C|Nalepka informacyjna ""Ciao Fiat""|Uchwyty do mocowania przedmiotów w przedziale ładunkowym|Zbiornik paliwa 90L|Instrukcja obsługi w języku polskim|Osłona przedniego grilla w kolorze nadwozia|Pakiet MAGIC FIAT|Ochronne panele boczne przedziału ładunkowego do wysokości pasów|Gniazdo 12V w przestrzeni ładunkowej|Oświetlenie LED w przedziale ładunkowym",Dodatkowe informacje,"Przedmiotem ogłoszenia jest auto dostawcze Fiat Ducato L2H2 furgon.
Skrzynia biegów manualna 6-biegowa , silnik wysokoprężny o pojemności 2.2l i mocy 140KM.
_
Rok produkcji: 2026
DMC: 3500 KG
Ładowność: 1425 kg
Kolor lakieru:  Biały
Ilość miejsc: 3
Tapiecerka materiałowa:  Crepe
Auto zarejestrowane na dealera 03.07.2026, bez przebiegu.
Gwarancja 8 lat lub 160 000 km
_
Cena auta katalogowa auta: 158 557 zł netto.
Cena promocyjna auta po rabacie: 108 500 zł netto.
Najniższa cena w ciągu ostatnich 30 dni: 108 500 zł netto
_
_
Wyposażenie standardowe:
- Sygnał dźwiękowy ostrzegający pieszych podczas cofania- Klimatyzacja manualna- Alternator 180A- Akumulator L5 95Ah- Elektryczne wspomaganie kierownicy- Boczne lusterka regulowane elektrycznie i podgrzewane- Podłokietnik siedzenia kierowcy- Trwała przegroda z blachy bez szyby- Dwumiejscowe siedzenie pasażerów ze składanym stolikiem- Radio 5"" Bluetooth + Dab- System stabilizacji toru jazdy ESC (rozszerzony o asystenta bocznego wiatru, system stabilizacji prz- Zestaw naprawczy do opon ""Fix&Go""- Uchwyty na kubek- TAPICERKA CZARNA STANDARD ""CREPE"" POJEDYNCZE PRZESZYCIA, PEŁNE ZAGŁÓWKI- Zderzak przedni w kolorze czarnym- Poduszka powietrzna kierowcy- Poduszka powietrzna pasażera- Czujniki cofania- Drzwi tylne dwuskrzydłowe pełne- Obwódki przednich reflektorów w kolorze czarnym- 16"" Felgi ze wzmocnionej stali- PAKIET BEZPIECZEŃSTWA RM24- Aerodynamiczny pakiet redukujący emisję CO2: odpowiednio wyprofilowany zderzak oraz aktywna osłona p- OPONY N1 KLASY A 215/70 R15C lub 215/75 R16C, w zależności od wersji- Światła do jazdy dziennej- Nalepka informacyjna ""Ciao Fiat""- Uchwyty do mocowania przedmiotów w przedziale ładunkowym- Zbiornik paliwa 90L- Interfejs modułu telematycznego (m.in. połączenie SOS i Assistance)- System monitorujący ciśnienie w oponach (TPMS - pomiar pośredni)- Instrukcja obsługi w języku polskim- Osłona przedniego grilla w kolorze nadwozia- Tempomat z ogranicznikiem prędkości- Moduł telematyczny- Czujnik zapięcia pasów bezpieczeństwa
Wyposażenie dodatkowe:
Kamera cofania z dynamicznymi kolorowymi liniami wyznaczającymi trajektorię ruchu pojazdu
Tapicerka czrna LOUNGE
Pełnowymiarowe koło zapasowe z koszem
Półka pod sufitem
Pakiet MAGIC FIAT:
1RB Radio 7"" Bluetooth + DAB + CP/AARS3 Podwójny port USB w miejscu gniazda zapalniczki2QC Dwumiejscowe siedzenie pasażera z funkcją mobilnego biura i ruchomym stolikiem0XW Deska rozdzielcza Techno z chromowanymi wlotami powietrza320 Kierownica + dźwignia zmiany biegów obszyte skórą ekologiczną7WV Schowek pod fotelem kierowcy50E Obudowy mocowań foteliLPZ Światła przeciwmgielne z doświetlaniem zakrętów051 Czujnik deszczu i zmierzchu316 Kamera cofania z dynamicznymi kolorowymi liniami wyznaczającymitrajektorię ruchu pojazdu361 Ochronne panele boczne przedziału ładunkowego do wysokości pasów823 Gniazdo 12V w przestrzeni ładunkowej619 Drzwi tylne otwierane pod kątem 270 stopniLHA Oświetlenie LED w przedziale ładunkowym
_
Krasnobrodzka 5, 03-214 Warszawa
ST Motors Grupa PGD sp. z o.o. sp. k
Fiat Professional salon Warszawa ul. Krasnobrodzka 5 Centrum Motoryzacyjne Toruńska:
Jarosław Szmitko 667-071-762
Maciej Strzerzyński 667-071-911
Informacje umieszczone na stronie internetowej służą jedynie celom informacyjnym i nie stanowią oferty w rozumieniu przepisów KodeksuCywilnego oraz opisu towaru ani zapewnienia w rozumieniu art. 4 Ustawy z dnia 27 lipca 2002 r. o szczególnych warunkach sprzedażykonsumenckiej. Indywidualne uzgodnienie właściwości i specyfikacji pojazdu następuje w umowie sprzedaży. Zdjęcie prezentowanego modelujest zdjęciem przykładowym i może przedstawiać wersję inną niż oferowana w ogłoszeniu.","{""Rok produkcji"": ""2026"", ""Rodzaj"": ""furgon"", ""Silnik"": ""diesel"", ""Moc"": ""140 KM"", ""Pojemność"": ""2184 cm3"", ""Kolor nadwozia"": ""biały  akryl (niemetalizowany)"", ""Numer oferty"": ""WBN00523FP"", ""Numer VIN"": ""ZFA250006TG042816"", ""Tytuł oferty"": ""FIAT Ducato L2H2 2.2 H3-POWER 140KM"", ""Cena netto"": ""108500 PLN"", ""Cena brutto (kalkulacja)"": ""133455 PLN"", ""Cena katalogowa netto"": ""158557 PLN"", ""Najniższa cena 30d"": ""108500 PLN"", ""Liczba pozycji wyposażenia"": 105}"
119259,https://fiat.pgd.pl/samochod/fiat-ducato-maxi-furgon-l4h2-2-2-h3-power-140km/id/119259,2026-08-14T09:35:31.486741+00:00,Fiat,Ducato,Maxi Furgon L4H2 2.2 H3-POWER 140KM,ZFA250006TG041567,138867,112 900 PLN netto,112900,Najniższa cena w ostatnich 30 dniach: 112 900 PLN netto,2026,0,Diesel,Manualna,140,,28.05.2026,2184,Przedni,Furgon,4,3,Biały,akryl niemetalizowany,Fiat PGD Warszawa,Krasnobrodzka 5,Warszawa,Trasa Toruńska przy rondzie Łabiszyńska,,,https://fiat.pgd.pl/p/o-nas/kontakt,123 000 055,https://fiat.pgd.pl/cache/site_single_car/uploads_fiat/cars/new/119259/img-20260408-105238462-hdr.jpg,18,https://fiat.pgd.pl/cache/site_single_car/uploads_fiat/cars/new/119259/img-20260408-105238462-hdr.jpg | https://fiat.pgd.pl/cache/site_single_car/uploads_fiat/cars/new/119259/img-20260408-105248709-hdr.jpg | https://fiat.pgd.pl/cache/site_single_car/uploads_fiat/cars/new/119259/img-20260408-105256230-hdr.jpg | https://fiat.pgd.pl/cache/site_single_car/uploads_fiat/cars/new/119259/img-20260408-105534212-hdr.jpg | https://fiat.pgd.pl/cache/site_single_car/uploads_fiat/cars/new/119259/img-20260408-105516649-hdr.jpg | https://fiat.pgd.pl/cache/site_single_car/uploads_fiat/cars/new/119259/img-20260408-105306355-hdr.jpg | https://fiat.pgd.pl/cache/site_single_car/uploads_fiat/cars/new/119259/img-20260408-105551940-hdr.jpg | https://fiat.pgd.pl/cache/site_single_car/uploads_fiat/cars/new/119259/img-20260408-105707329-hdr.jpg | https://fiat.pgd.pl/cache/site_single_car/uploads_fiat/cars/new/119259/img-20260408-105732924-hdr.jpg | https://fiat.pgd.pl/cache/site_single_car/uploads_fiat/cars/new/119259/img-20260408-105756203-hdr.jpg | https://fiat.pgd.pl/cache/site_single_car/uploads_fiat/cars/new/119259/img-20260408-105804258-hdr.jpg | https://fiat.pgd.pl/cache/site_single_car/uploads_fiat/cars/new/119259/img-20260408-105818589-hdr.jpg | https://fiat.pgd.pl/cache/site_single_car/uploads_fiat/cars/new/119259/img-20260408-105839092-hdr.jpg | https://fiat.pgd.pl/cache/site_single_car/uploads_fiat/cars/new/119259/img-20260408-105842783-hdr.jpg | https://fiat.pgd.pl/cache/site_single_car/uploads_fiat/cars/new/119259/img-20260408-105914421-hdr.jpg | https://fiat.pgd.pl/cache/site_single_car/uploads_fiat/cars/new/119259/img-20260408-105919670-hdr.jpg | https://fiat.pgd.pl/cache/site_single_car/uploads_fiat/cars/new/119259/img-20260408-105950500-hdr.jpg | https://fiat.pgd.pl/cache/site_single_car/uploads_fiat/cars/new/119259/img-20260408-105956258-hdr.jpg,"Radio Uconnect DAB z 7-calowym dotykowym ekranem z portami USB, AUX i Bluetooth|Funkcja Android Auto / CarPlay|Sterowanie systemem audio przyciskami na kierownicy|Zestaw głośnomówiący Bluetooth|Interfejs modułu telematycznego m.in. połączenie SOS i Assistance|Podwójny port USB w miejscu gniazda zapalniczki",Przednie czołowe poduszki powietrzne kierowcy i pasażera|Trzypunktowe pasy bezpieczeństwa|Sygnalizator braku zapięcia pasów bezpieczeństwa|ABS|ESP|ASR|System stabilizacji toru jazdy ESC rozszerzony o asystenta bocznego wiatru|Immobilizer|System kontroli ciśnienia w oponach|Ostrzeżenie o zmęczeniu kierowcy|Ostrzeżenie o niezamierzonej zmianie pasa ruchu|Rozpoznawanie znaków drogowych|Pre-Collision Assist|Tempomat z ogranicznikiem prędkości|Tylne czujniki parkowania|Kamera cofania z dynamicznymi kolorowymi liniami wyznaczającymi trajektorię ruchu|Czujnik deszczu i zmierzchu|Światła do jazdy dziennej|Światła przeciwmgielne z doświetlaniem zakrętów|Sygnał dźwiękowy ostrzegający pieszych podczas cofania|PAKIET BEZPIECZEŃSTWA RM24,"Klimatyzacja manualna|Tapicerka Czarna Lounge Crepe podwójne srebrne przeszycia|Fotel kierowcy z podłokietnikiem|Dwumiejscowe siedzenie pasażera z funkcją mobilnego biura i ruchomym stolikiem|Skórzana kierownica i dźwignia zmiany biegów|Elektrycznie regulowane szyby boczne z przodu|Lusterka zewnętrzne regulowane i składane elektrycznie, podgrzewane|Wspomaganie układu kierowniczego|Centralny zamek sterowany pilotem|Komputer pokładowy|Półka pod sufitem|Schowek pod fotelem kierowcy|Uchwyty na kubek|Deska rozdzielcza Techno z chromowanymi wlotami powietrza|Gniazdo 12V|PAKIET MAGIC FIAT","Dach średni|Drzwi boczne odsuwane po prawej stronie|Drzwi tylne dwuskrzydłowe otwierane pod kątem 270 stopni|Trwała przegroda z blachy bez szyby|Oświetlenie LED w przedziale ładunkowym|Gniazdo 12V w przestrzeni ładunkowej|Uchwyty do mocowania przedmiotów w przedziale ładunkowym|Wzmocnione zawieszenie tylne z podwójnymi resorami|16"" felgi ze wzmocnionej stali z kołpakami|Opony N1 klasy A|Pełnowymiarowe koło zapasowe z koszem|Zestaw naprawczy do opon Fix&Go|Zbiornik paliwa 90L|Alternator 180A|Akumulator L5 95Ah|Aerodynamiczny pakiet redukujący emisję CO2|Zderzak przedni w kolorze czarnym|Osłona przedniego grilla w kolorze nadwozia|Plastikowe listwy ochronne na przednich nadkolach|Obwódki przednich reflektorów w kolorze czarnym|Obudowy mocowań foteli|Nalepka informacyjna Ciao Fiat|Instrukcja obsługi w języku polskim",Dodatkowe informacje,"Przedmiotem ogłoszenia jest auto dostawcze FIAT Ducato Maxi Furgon L4H2 2.2 H3-POWER. Skrzynia biegów manualna 6-biegowa, silnik wysokoprężny o pojemności 2.2l i mocy 140KM.
_
Rok produkcji: 2026
DMC: 3500kg
Ładowność: 1260kg
Kolor lakieru:  Biały
Tapiecerka materiałowa:  Lounge
Auto zarejestrowane na dealera 28.05.2026, bez przebiegu.
_
Cena auta katalogowa auta: 167 757 zł netto.
Cena auta po rabacie: 112 900 zł netto
Najniższa cena w ciągu ostatnich 30 dni: 112 900 zł netto
Sedecznie zachęcamy do zapoznania się z ofertą leasingu promocyjnego od 101,9% w Stellentis Financial Services.
Wyposażenie standardowe:
- Sygnał dźwiękowy ostrzegający pieszych podczas cofania- Klimatyzacja manualna- Alternator 180A- Akumulator L5 95Ah- Elektryczne wspomaganie kierownicy- Boczne lusterka regulowane elektrycznie i podgrzewane- Podłokietnik siedzenia kierowcy- Trwała przegroda z blachy bez szyby- Dwumiejscowe siedzenie pasażerów ze składanym stolikiem- Radio 5"" Bluetooth + Dab- System stabilizacji toru jazdy ESC (rozszerzony o asystenta bocznego wiatru, system stabilizacji prz- Zestaw naprawczy do opon ""Fix&Go""- Uchwyty na kubek- TAPICERKA CZARNA STANDARD ""CREPE"" POJEDYNCZE PRZESZYCIA, PEŁNE ZAGŁÓWKI- Zderzak przedni w kolorze czarnym- Poduszka powietrzna kierowcy- Poduszka powietrzna pasażera- Czujniki cofania- Drzwi tylne dwuskrzydłowe pełne- Obwódki przednich reflektorów w kolorze czarnym- 16"" Felgi ze wzmocnionej stali- PAKIET BEZPIECZEŃSTWA RM24- Aerodynamiczny pakiet redukujący emisję CO2: odpowiednio wyprofilowany zderzak oraz aktywna osłona p- OPONY N1 KLASY A 215/70 R15C lub 215/75 R16C, w zależności od wersji- Światła do jazdy dziennej- Nalepka informacyjna ""Ciao Fiat""- Uchwyty do mocowania przedmiotów w przedziale ładunkowym- Zbiornik paliwa 90L- Interfejs modułu telematycznego (m.in. połączenie SOS i Assistance)- System monitorujący ciśnienie w oponach (TPMS - pomiar pośredni)- Instrukcja obsługi w języku polskim- Osłona przedniego grilla w kolorze nadwozia- Tempomat z ogranicznikiem prędkości- Moduł telematyczny- Czujnik zapięcia pasów bezpieczeństwa
Wyposażenie dodatkowe:
077 Wzmocnione zawieszenie tylne z podwójnymi resorami
4BJ Plastikowe listwy ochronne na przednich nadkolach
4DHPełnowymiarowe koło zapasowe z koszem
835 Półka pod sufitem
8RS Tapicerka Czarna Lounge ""Crepe"" podwójne srebrne przeszycia, zawiera opcje 2QC - dwumiejscowe siedzenie pasażerów ze składanym stolikiem.
C92 PAKIET MAGIC FIAT (dla Furgonów L4):
1RB Radio 7"" Bluetooth + DAB + CP/AARS3 Podwójny port USB w miejscu gniazda zapalniczki2QC Dwumiejscowe siedzenie pasażera z funkcją mobilnego biurai ruchomym stolikiem0XW Deska rozdzielcza Techno z chromowanymi wlotami powietrza320 Kierownica + dźwignia zmiany biegów obszyte skórą ekologiczną7WV Schowek pod fotelem kierowcy50E Obudowy mocowań foteliLPZ Światła przeciwmgielne z doświetlaniem zakrętów051 Czujnik deszczu i zmierzchu316 Kamera cofania z dynamicznymi kolorowymi liniami wyznaczającymitrajektorię ruchu pojazdu823 Gniazdo 12V w przestrzeni ładunkowej619 Drzwi tylne otwierane pod kątem 270 stopniLHA Oświetlenie LED w przedziale ładunkowym
Krasnobrodzka 5, 03-214 Warszawa
ST Motors Grupa PGD sp. z o.o. sp. k
Fiat Professional salon Warszawa ul. Krasnobrodzka 5 Centrum Motoryzacyjne Toruńska:
Jarosław Szmitko 667-071-762
Adrian Czyżewski 667-071-999
Maciej Strzerzyński 667-071-911
Informacje umieszczone na stronie internetowej służą jedynie celom informacyjnym i nie stanowią oferty w rozumieniu przepisów KodeksuCywilnego oraz opisu towaru ani zapewnienia w rozumieniu art. 4 Ustawy z dnia 27 lipca 2002 r. o szczególnych warunkach sprzedażykonsumenckiej. Indywidualne uzgodnienie właściwości i specyfikacji pojazdu następuje w umowie sprzedaży. Zdjęcie prezentowanego modelujest zdjęciem przykładowym i może przedstawiać wersję inną niż oferowana w ogłoszeniu.","{""Rok produkcji"": ""2026"", ""Rodzaj"": ""furgon"", ""Silnik"": ""diesel"", ""Moc"": ""140 KM"", ""Pojemność"": ""2184 cm3"", ""Kolor nadwozia"": ""biały  akryl (niemetalizowany)"", ""Numer oferty"": ""WBN000515FP"", ""Numer VIN"": ""ZFA250006TG041567"", ""Tytuł oferty"": ""FIAT Ducato Maxi Furgon L4H2 2.2 H3-POWER 140KM"", ""Cena netto"": ""112900 PLN"", ""Cena brutto (kalkulacja)"": ""138867 PLN"", ""Cena katalogowa netto"": ""167757 PLN"", ""Najniższa cena 30d"": ""112900 PLN"", ""Liczba pozycji wyposażenia"": 106}"
118866,https://fiat.pgd.pl/samochod/fiat-doblo-doblo-van-k9-l2-bluehdi-1-5-130-km-automat/id/118866,2026-08-14T09:35:34.373546+00:00,Fiat,Doblo,"Doblo VAN K9 L2, BlueHDi 1.5, 130 KM automat automat (Samochód demonstracyjny)",VYFEDYHZ9SJ689947,104550,85 000 PLN netto,85000,Najniższa cena w ostatnich 30 dniach: 85 000 PLN netto,2025,6000,Diesel,Automatyczna,130,,,1499,Przedni,Furgon,4,3,Biały,akryl niemetalizowany,Fiat PGD Warszawa,Krasnobrodzka 5,Warszawa,Trasa Toruńska przy rondzie Łabiszyńska,,,https://fiat.pgd.pl/p/o-nas/kontakt,123 000 055,https://fiat.pgd.pl/cache/site_single_car/uploads_fiat/cars/demo/118866/img-20260710-121149787-hdr.jpg,18,https://fiat.pgd.pl/cache/site_single_car/uploads_fiat/cars/demo/118866/img-20260710-121149787-hdr.jpg | https://fiat.pgd.pl/cache/site_single_car/uploads_fiat/cars/demo/118866/img-20260710-121211451-hdr.jpg | https://fiat.pgd.pl/cache/site_single_car/uploads_fiat/cars/demo/118866/img-20260710-121315194-hdr.jpg | https://fiat.pgd.pl/cache/site_single_car/uploads_fiat/cars/demo/118866/img-20260710-121329040-hdr.jpg | https://fiat.pgd.pl/cache/site_single_car/uploads_fiat/cars/demo/118866/img-20260710-121336344-hdr.jpg | https://fiat.pgd.pl/cache/site_single_car/uploads_fiat/cars/demo/118866/img-20260710-121436457-hdr.jpg | https://fiat.pgd.pl/cache/site_single_car/uploads_fiat/cars/demo/118866/img-20260710-121350780-hdr.jpg | https://fiat.pgd.pl/cache/site_single_car/uploads_fiat/cars/demo/118866/img-20260710-121541965-hdr.jpg | https://fiat.pgd.pl/cache/site_single_car/uploads_fiat/cars/demo/118866/img-20260710-121405545-hdr.jpg | https://fiat.pgd.pl/cache/site_single_car/uploads_fiat/cars/demo/118866/img-20260710-121356318-hdr.jpg | https://fiat.pgd.pl/cache/site_single_car/uploads_fiat/cars/demo/118866/img-20260710-121614960-hdr.jpg | https://fiat.pgd.pl/cache/site_single_car/uploads_fiat/cars/demo/118866/img-20260710-121417195-hdr.jpg | https://fiat.pgd.pl/cache/site_single_car/uploads_fiat/cars/demo/118866/img-20260710-121623830-hdr.jpg | https://fiat.pgd.pl/cache/site_single_car/uploads_fiat/cars/demo/118866/img-20260710-121733263-hdr.jpg | https://fiat.pgd.pl/cache/site_single_car/uploads_fiat/cars/demo/118866/img-20260710-121742302-hdr.jpg | https://fiat.pgd.pl/cache/site_single_car/uploads_fiat/cars/demo/118866/img-20260710-121752531-hdr.jpg | https://fiat.pgd.pl/cache/site_single_car/uploads_fiat/cars/demo/118866/img-20260710-121820772-hdr.jpg | https://fiat.pgd.pl/cache/site_single_car/uploads_fiat/cars/demo/118866/img-20260710-121826633-hdr.jpg,"System multimedialny AIO 10"", AM/FM/DAB;USB|Zestaw głośnomówiący Bluetooth|Radio fabryczne|Nawigacja satelitarna GPS|Funkcja Android Auto / Carplay|Stacja dokująca do Smarthphon-a|Sterowanie systemem audio przyciskami na kierownicy|System Connect SOS & Assistance (BTA 4S)",Poduszka powietrzna kierowcy|Poduszka powietrzna pasażera|Przednie i boczne poduszki powietrzne|Kurtynowe poduszki powietrzne|Pięć poduszek bezpieczeństwa|Trzypunktowe pasy bezpieczeństwa|Sygnalizator braku zapięcia pasów bezpieczeństwa kierowcy|ABS|ESP|ASR|Tempomat|System kontroli cisnienia w oponach|Ostrzeżenie o zmęczeniu kierowcy|Rozpoznawanie znaków drogowych|Funkcja wzywania pomocy|Tylne czujniki parkowania|Kamera cofania|Czujnik deszczu|Czujnik zmierzchu|Automatyczne światła z funkcją follow me home|System kamer 360°|Pakiet Safety (HBA; Active Safety Brake; LKA; DAA; SL/CC; alert coffee break)|Przednie reflektory przeciwmgłowe|Światła do jazdy dziennej,Klimatyzacja automatyczna dwustrefowa|Fotel kierowcy z regulacją wysokości|MAGIC CARGO - Ławka dwumiejscowa pasażera ze stolikiem do pisania|Tapicerka materiałowa|Kierownica wielofunkcyjna z tworzywa sztucznego|Regulacja położenia kolumny kierownicy|Kolumna kierownicy – załamująca się przy zderzeniu czołowym|Lusterka zewnętrzne regulowane elektrycznie i podgrzewane|Elektrycznie regulowane szyby boczne z przodu|Centralny zamek sterowany pilotem|Dwa kluczyki składane|Wspomaganie układu kierowniczego|Komputer pokładowy|Wykładzina z tworzywa na podłodze w kabinie kierowcy|Gniazdo 12V|Immobilizer,"16"" felgi ze stopów metali lekkich|Felgi stalowe czarne 16""|Pełnowymiarowe koło zapasowe|Zestaw do naprawy ""Fix&Go""|Drzwi boczne przesuwne po stronie pasażera|Drzwi tylne dwuskrzydłowe pełne|Przegroda pełna stała|Wykładzina antypoślizgowa 9mm na podłodze w przestrzeni ładunkowej|System Start/Stop|Asystent zmiany biegu",Dodatkowe informacje,"Witamy na stronie autoryzowanego dealera ST Motors Fiat Professional Grupy PGD.
Oferujemy na sprzedaż model FIAT Doblo Doblo VAN K9 L2, z silnikiem wysokoprężnym BlueHDi 1.5, 130 KM, ze skrzynią biegów automatyczną 8-biegową
Rok produkcji 2025r. Auto demonstracyjne z przebiegiem 6000 km. Data pierwszej rejestracji 11.07.2025 r.
Cena katalogowa:  126 184 zł netto
Cena po rabacie: 89 000  zł netto
Kolor zewnętrzny :  Biały Gelato akrylowy
Kolor wewnętrzny : Tapicerka tkaninowa
Wyposażenie standardowe :
Dwa kluczyki składane Klimatyzacja manualna Czujniki spadku ciśnienia w ogumieniu pośrednie Wykładzina z tworzywa na podłodze w kabinie kierowcy Felgi stalowe czarne 16"" Tempomat Zestaw do naprawy ""Fix&Go"" Pakiet Safety (HBA;Active Safety Brake; LKA; DAA; SL/CC; alert coffee break) Drzwi tylne dwuskrzydłowe pełne Drzwi boczne przesuwne po stronie pasażera Pięć poduszek bezpieczeństwa (czołowa pasażera, boczne i kurtynowe dla kierowcy i pasażera w R1) Przegroda pełna stała Stacja dokująca do Smarthphon-a System Connect SOS & Assistance (BTA 4S) Kierownica z tworzywa sztucznego wielofunkcyjna ( przyciski do sterowania) Tylne czujniki parkowania
Dodatkowe wposarzenie w cenie :
5ZJ MAGIC CARGO - Ławka dwumiejscowa pasażera ze stolikiem do pisania
CKC Wykładzina antypoślizgowa 9mm na podłodze w przestrzeniładunkowej
RDESystem multimedialny AIO 10"", AM/FM/DAB;USB
TBB Koło zapasowe
XAMKamera cofania + czujniki parkowania tyłSystem multimedialny
Na miejscu możliwość zapoznania się z ofertą leasingową, ubezpieczeniową, pakietów gwarancyjnych/serwisowych.
Krasnobrodzka 5, 03-214 Warszawa
ST Motors Grupa PGD sp. z o.o. sp. k
Fiat Professional salon Warszawa ul. Krasnobrodzka 5 Centrum Motoryzacyjne Toruńska:
Adrian Czyżewski 667-071-999
Jarosław Szmitko 667-071-762
Maciej Strzerzyński 667-071-911
Informacje umieszczone na stronie internetowej służą jedynie celom informacyjnym i nie stanowią oferty w rozumieniu przepisów KodeksuCywilnego oraz opisu towaru ani zapewnienia w rozumieniu art. 4 Ustawy z dnia 27 lipca 2002 r. o szczególnych warunkach sprzedażykonsumenckiej. Indywidualne uzgodnienie właściwości i specyfikacji pojazdu następuje w umowie sprzedaży. Zdjęcie prezentowanego modelujest zdjęciem przykładowym i może przedstawiać wersję inną niż oferowana w ogłoszeniu.","{""Rok produkcji"": ""2025"", ""Rodzaj"": ""furgon"", ""Skrzynia"": ""automatyczna"", ""Silnik"": ""diesel"", ""Moc"": ""130 KM"", ""Pojemność"": ""1499 cm3"", ""Kolor nadwozia"": ""biały  akryl (niemetalizowany)"", ""Przebieg"": ""6 000 km"", ""Numer oferty"": ""WBN00297FP"", ""Numer VIN"": ""VYFEDYHZ9SJ689947"", ""Tytuł oferty"": ""FIAT Doblo Doblo VAN K9 L2, BlueHDi 1.5, 130 KM automat automat (Samochód demonstracyjny)"", ""Cena netto"": ""85000 PLN"", ""Cena brutto (kalkulacja)"": ""104550 PLN"", ""Cena katalogowa netto"": ""126184 PLN"", ""Najniższa cena 30d"": ""85000 PLN"", ""Liczba pozycji wyposażenia"": 74}"
118393,https://fiat.pgd.pl/samochod/fiat-doblo-edoblo-van-l2-136km-bateria-50kwh/id/118393,2026-08-14T09:35:37.187432+00:00,Fiat,Doblo,"eDoblo VAN L2 136KM, bateria 50kWh automat (Samochód demonstracyjny)",VYFEAZKXZPJ673469,89899,73 089 PLN netto,73089,Najniższa cena w ostatnich 30 dniach: 73 089 PLN netto,2023,4069,Elektryczny,Automatyczna,136,,,,Przedni,Furgon,4,3,Szary,metaliczny,Fiat PGD Warszawa,Krasnobrodzka 5,Warszawa,Trasa Toruńska przy rondzie Łabiszyńska,,,https://fiat.pgd.pl/p/o-nas/kontakt,123 000 055,https://fiat.pgd.pl/cache/site_single_car/uploads_fiat/cars/demo/118393/img-20260518-105624530-hdr.jpg,17,https://fiat.pgd.pl/cache/site_single_car/uploads_fiat/cars/demo/118393/img-20260518-105624530-hdr.jpg | https://fiat.pgd.pl/cache/site_single_car/uploads_fiat/cars/demo/118393/img-20260518-105657064-hdr.jpg | https://fiat.pgd.pl/cache/site_single_car/uploads_fiat/cars/demo/118393/img-20260518-105713961-hdr.jpg | https://fiat.pgd.pl/cache/site_single_car/uploads_fiat/cars/demo/118393/img-20260518-105727092-hdr.jpg | https://fiat.pgd.pl/cache/site_single_car/uploads_fiat/cars/demo/118393/img-20260518-105739540-hdr.jpg | https://fiat.pgd.pl/cache/site_single_car/uploads_fiat/cars/demo/118393/img-20260518-105850712-hdr.jpg | https://fiat.pgd.pl/cache/site_single_car/uploads_fiat/cars/demo/118393/img-20260518-105906375-hdr.jpg | https://fiat.pgd.pl/cache/site_single_car/uploads_fiat/cars/demo/118393/img-20260518-105921560-hdr.jpg | https://fiat.pgd.pl/cache/site_single_car/uploads_fiat/cars/demo/118393/img-20260518-105927085-hdr.jpg | https://fiat.pgd.pl/cache/site_single_car/uploads_fiat/cars/demo/118393/img-20260518-105931304-hdr.jpg | https://fiat.pgd.pl/cache/site_single_car/uploads_fiat/cars/demo/118393/img-20260518-105957027-hdr.jpg | https://fiat.pgd.pl/cache/site_single_car/uploads_fiat/cars/demo/118393/img-20260518-110044580-hdr.jpg | https://fiat.pgd.pl/cache/site_single_car/uploads_fiat/cars/demo/118393/img-20260518-110103839-hdr.jpg | https://fiat.pgd.pl/cache/site_single_car/uploads_fiat/cars/demo/118393/img-20260518-110208951-hdr.jpg | https://fiat.pgd.pl/cache/site_single_car/uploads_fiat/cars/demo/118393/img-20260518-110233733-hdr.jpg | https://fiat.pgd.pl/cache/site_single_car/uploads_fiat/cars/demo/118393/img-20260518-110242235-hdr.jpg | https://fiat.pgd.pl/cache/site_single_car/uploads_fiat/cars/demo/118393/img-20260518-105642947-hdr.jpg,Radio fabryczne|Komputer pokładowy|Sterowanie systemem audio przyciskami na kierownicy|Zestaw głośnomówiący Bluetooth|Funkcja Android Auto / Carplay|Nawigacja GPS|Pakiet TECHNO3,Poduszka powietrzna kierowcy|Poduszka powietrzna pasażera|Przednie boczne poduszki powietrzne|Kurtynowe poduszki powietrzne|Trzypunktowe pasy bezpieczeństwa|Sygnalizator braku zapięcia pasów bezpieczeństwa kierowcy|ABS|ESP|ASR|Tempomat|Immobiliser FIAT Code|System kontroli ciśnienia w oponach|Hamulec postojowy elektryczny|Przednie reflektory przeciwmgłowe|Światła do jazdy dziennej|Tylne czujniki parkowania|Czujnik deszczu|Czujnik zmierzchu|Automatyczne światła z funkcją follow me home|Kamera cofania|Pakiet ASSIST|Pakiet Safety|Pakiet Widoczność,Regulacja położenia kolumny kierownicy|Regulacja wysokości fotela kierowcy|Tapicerka materiałowa|Wspomaganie układu kierowniczego|Centralny zamek sterowany pilotem|Lusterka zewnętrzne regulowane elektrycznie i podgrzewane|Elektrycznie regulowane szyby boczne z przodu|Klimatyzacja automatyczna dwustrefowa|System bezkluczykowego dostępu i uruchomienia pojazdu ADML|Skórzana kierownica|Magic Cargo,"Pełnowymiarowe koło zapasowe|16"" stalowe felgi z kołpakami|Gniazdo 12V|System Start/Stop|Odsuwane drzwi boczne po prawej stronie|Drzwi tylne dwuskrzydłowe pełne|Kabel do ładowania mode 3 do Wallbox|Felgi stalowe 16"" szare z półkołpakami i oponami 215/65 R16|Zestaw do naprawy Fix&Go|Przegroda pełna stała|Pakiet ICON|Trójfazowa ładowarka pokładowa OBC 11 kW|Pakiet TECHNO3|Wykładzina z tworzywa na podłodze w przestrzeni ładunkowej",Dodatkowe informacje,"Witamy na stronie autoryzowanego dealera ST Motors Fiat Professional Grupy PGD.
Oferujemy na sprzedaż auto elektryczne Doblo e Doblo L2 750kG, 136KM, bateria 50 kWh
Cena katalogowa:  184 540 zł netto
Cena po rabacie: 73 000  zł netto
Auto demonstracyjne, z przebiegiem 4069 KM.
Data pierwszej rejestracji: 25.08.2023
Kolor zewnętrzny :  Szary metelizowany Platinium
Kolor wewnętrzny : Tapicerka tkaninowa
Wyposażenie standardowe :
008 - Pilot zdalnego sterowania centralnym zamkiem025 - Klimatyzacja manualna026 - Hamulec postojowy elektryczny07D - Kabel do ładowania mode 3 ( wolne ładowanie), wtyczka T2, 6 metrów , 16 A (do Wallbox)365 - System monitorowania ciśnienia powietrza w oponach3CM - Felgi stalowe 16"" szare , półkołpaki, opony 215/65 R16 - NL/102H Class ""A""416 - Tempomat499 - Zestaw do naprawy ""Fix&Go""516 - Drzwi tylne dwuskrzydłowe pełne523 - Drzwi boczne przesuwne po stronie pasażera7ET - Przegroda pełna stała
Dodatkowe wposarzenie w cenie :
0PM Pakiet ICON(zderz tył/list bocz/klamki w kolor nadw; lust czarne; felgi stalowe 16"" z kołpakami123 System bezkluczykowego dostępu i uruchomienia pojazdu ADML140 Klimatyzacja automatyczna dwustrefowa 1U9 Ładowarka pokładowa (OBC) trójfazowa 11 kW 2PQ Pakiet ASSIST(Pakiet Safety; Pakiet Widoczność; aut przeł świat; roz sys monit znak; refl przeciw)500 Poduszka bezpieczeństwa czołowa dla pasażera 5G9 Pakiet TECHNO3(lust skład el; przed szyb el; magic cargo;NAV;kier skórz; kam cof+czuj cof tył) CKL Wykładzina z tworzywa na podłodze w przestrzeni ładunkowej TBB Koło zapasowe
Na miejscu możliwość zapoznania się z ofertą leasingową, ubezpieczeniową, pakietów gwarancyjnych/serwisowych.
Krasnobrodzka 5, 03-214 Warszawa
ST Motors Grupa PGD sp. z o.o. sp. k
Fiat Professional salon Warszawa ul. Krasnobrodzka 5 Centrum Motoryzacyjne Toruńska:
Adrian Czyżewski 667-071-999
Jarosław Szmitko 667-071-762
Maciej Strzerzyński 667-071-911
Informacje umieszczone na stronie internetowej służą jedynie celom informacyjnym i nie stanowią oferty w rozumieniu przepisów KodeksuCywilnego oraz opisu towaru ani zapewnienia w rozumieniu art. 4 Ustawy z dnia 27 lipca 2002 r. o szczególnych warunkach sprzedażykonsumenckiej. Indywidualne uzgodnienie właściwości i specyfikacji pojazdu następuje w umowie sprzedaży. Zdjęcie prezentowanego modelujest zdjęciem przykładowym i może przedstawiać wersję inną niż oferowana w ogłoszeniu.","{""Rok produkcji"": ""2023"", ""Rodzaj"": ""furgon"", ""Skrzynia"": ""automatyczna"", ""Silnik"": ""elektryczny"", ""Moc"": ""136 KM"", ""Akumulator"": ""50 kWh"", ""Kolor nadwozia"": ""szary  metaliczny"", ""Przebieg"": ""4 069 km"", ""Numer oferty"": ""YNNP00115"", ""Numer VIN"": ""VYFEAZKXZPJ673469"", ""Tytuł oferty"": ""FIAT Doblo eDoblo VAN L2 136KM, bateria 50kWh automat (Samochód demonstracyjny)"", ""Cena netto"": ""73089 PLN"", ""Cena brutto (kalkulacja)"": ""89899 PLN"", ""Cena katalogowa netto"": ""184540 PLN"", ""Najniższa cena 30d"": ""73089 PLN"", ""Liczba pozycji wyposażenia"": 67}"
116830,https://fiat.pgd.pl/samochod/fiat-ducato-maxi-furgon-l4h2-2-2-h3-power-180km/id/116830,2026-08-14T09:35:41.338553+00:00,Fiat,Ducato,Maxi Furgon L4H2 2.2 H3-POWER 180KM (Samochód demonstracyjny),ZFA250007RG034779,135300,110 000 PLN netto,110000,Najniższa cena w ostatnich 30 dniach: 110 000 PLN netto,2024,8734,Diesel,Automatyczna,180,,,2184,Przedni,Furgon,4,3,biały,,Fiat PGD Warszawa,Krasnobrodzka 5,Warszawa,Trasa Toruńska przy rondzie Łabiszyńska,,,https://fiat.pgd.pl/p/o-nas/kontakt,123 000 055,https://fiat.pgd.pl/cache/site_single_car/uploads_fiat/cars/new/116830/img-20251008-142051469-hdr-3.jpg,18,https://fiat.pgd.pl/cache/site_single_car/uploads_fiat/cars/new/116830/img-20251008-142051469-hdr-3.jpg | https://fiat.pgd.pl/cache/site_single_car/uploads_fiat/cars/new/116830/img-20251008-142057062-hdr-2.jpg | https://fiat.pgd.pl/cache/site_single_car/uploads_fiat/cars/new/116830/img-20251008-142102226-hdr-2.jpg | https://fiat.pgd.pl/cache/site_single_car/uploads_fiat/cars/new/116830/img-20251008-142112611-hdr-2.jpg | https://fiat.pgd.pl/cache/site_single_car/uploads_fiat/cars/new/116830/img-20251008-142121721-hdr-2.jpg | https://fiat.pgd.pl/cache/site_single_car/uploads_fiat/cars/new/116830/img-20251008-142128515-hdr-2.jpg | https://fiat.pgd.pl/cache/site_single_car/uploads_fiat/cars/new/116830/img-20251008-142135942-hdr-2.jpg | https://fiat.pgd.pl/cache/site_single_car/uploads_fiat/cars/new/116830/img-20251008-142142342-hdr-2.jpg | https://fiat.pgd.pl/cache/site_single_car/uploads_fiat/cars/new/116830/img-20251008-142153968-hdr-2.jpg | https://fiat.pgd.pl/cache/site_single_car/uploads_fiat/cars/new/116830/img-20251008-142216108-hdr-2.jpg | https://fiat.pgd.pl/cache/site_single_car/uploads_fiat/cars/new/116830/img-20251008-142318403-2.jpg | https://fiat.pgd.pl/cache/site_single_car/uploads_fiat/cars/new/116830/img-20251008-142230251-hdr-2.jpg | https://fiat.pgd.pl/cache/site_single_car/uploads_fiat/cars/new/116830/img-20251008-142324943-2.jpg | https://fiat.pgd.pl/cache/site_single_car/uploads_fiat/cars/new/116830/img-20251008-142403284-2.jpg | https://fiat.pgd.pl/cache/site_single_car/uploads_fiat/cars/new/116830/img-20251008-142428102-hdr-2.jpg | https://fiat.pgd.pl/cache/site_single_car/uploads_fiat/cars/new/116830/img-2553-2.JPG | https://fiat.pgd.pl/cache/site_single_car/uploads_fiat/cars/new/116830/img-2554-2.JPG | https://fiat.pgd.pl/cache/site_single_car/uploads_fiat/cars/new/116830/img-2555-2.JPG,"Radio fabryczne|Radio 10-calowe z nawigacją, Bluetooth, CarPlay/Android Auto, DAB i sterowaniem na kierownicy|Radio 5"" Bluetooth + DAB|Zestaw głośnomówiący Bluetooth|Nawigacja satelitarna GPS|Funkcja Android Auto / CarPlay|Sterowanie systemem audio przyciskami na kierownicy|Podwójny port USB|Usługi łączności",Przednie czołowe poduszki powietrzne (kierowcy i pasażera)|Poduszka powietrzna kierowcy|Poduszka powietrzna pasażera|Trzypunktowe pasy bezpieczeństwa|Sygnalizator braku zapięcia pasów bezpieczeństwa kierowcy|Czujnik zapięcia pasów bezpieczeństwa|ABS|ESP|ASR|System stabilizacji toru jazdy ESC z asystentem bocznego wiatru|Pre-Collision Assist|Ostrzeżenie o zmęczeniu kierowcy|Ostrzeżenie o niezamierzonej zmianie pasa ruchu|Rozpoznawanie znaków drogowych|Tempomat z ogranicznikiem prędkości|Czujniki parkowania (tylne)|Kamera cofania z dynamicznymi liniami|Przednie reflektory Full LED|Światła do jazdy dziennej|Przednie reflektory przeciwmgłowe z doświetlaniem zakrętów|Czujnik deszczu|Czujnik zmierzchu|Czujnik ciśnienia w oponach (TPMS)|Sygnał dźwiękowy ostrzegający pieszych podczas cofania|Interfejs modułu telematycznego (m.in. połączenie SOS i Assistance),"Klimatyzacja automatyczna|Podgrzewane lusterka zewnętrzne i regulowane elektrycznie|Lusterka zewnętrzne składane elektrycznie|Elektrycznie regulowane szyby boczne z przodu|Podłokietnik siedzenia kierowcy|Dwumiejscowe siedzenie pasażerów ze składanym stolikiem|Tapicerka czarna standard ""Crepe"" z pojedynczymi przeszyciami i pełnymi zagłówkami|Regulacja położenia kolumny kierownicy|Wspomaganie układu kierowniczego|Komputer pokładowy|Uchwyty na kubek|Półka pod sufitem|Pakiet VISIBILITY PLUS|Pakiet TECHNO","Pełnowymiarowe koło zapasowe z koszem|Zestaw naprawczy do opon ""Fix&Go""|16"" stalowe felgi z kołpakami|16"" felgi ze wzmocnionej stali|Opony N1 klasy A|Dach średni|Drzwi – odsuwane drzwi boczne po prawej stronie|Drzwi tylne dwuskrzydłowe pełne otwierane pod kątem 270 stopni|Trwała przegroda z blachy bez szyby|Uchwyty do mocowania przedmiotów w przedziale ładunkowym|Alternator 180A|Akumulator L5 95Ah|Zbiornik paliwa 90L|Zawieszenie tylne z podwójnymi resorami|Zderzak przedni w kolorze czarnym|Obwódki przednich reflektorów w kolorze czarnym|Osłona przedniego grilla w kolorze nadwozia|Aerodynamiczny pakiet redukujący emisję CO2|PAKIET BEZPIECZEŃSTWA RM24|Nalepka informacyjna ""Ciao Fiat""|Instrukcja obsługi w języku polskim",Dodatkowe informacje,"Przedmiotem ogłoszenia jest auto dostawcze FIAT Ducato Maxi Furgon L4H2 2.2 H3-POWER. Skrzynia biegów manualna 6-biegowa, silnik wysokoprężny o pojemności 2.2l i mocy 180KM.
Auto demonstracyjne z przebiegiem 8734 km, data pierwszej rejestracji 26.06.2024. Podstawowa gwarancja producenta do 26.06.2026 z możliwością przedłużenia.
Auto posiada zarysowanie na boku widoczne na zdjęciach. Auto z kompletną zabudową ze sklejki.
_
Rok produkcji: 2024
DMC: 3500kg
Ładowność: 1335 kg
Kolor lakieru:  Biały
Tapiecerka materiałowa:  Crepe
_
Cena auta katalogowa auta: 170 956 zł netto.
Cena auta: 110 000 zł netto
Najniższa cena w ciągu ostatnich 30 dni: 125 000 zł netto
Na miejscu możliwość zapoznania się z ofertą leasingową, ubezpieczeniową, pakietów gwarancyjnych/serwisowych.
_
Wyposażenie standardowe:
- Sygnał dźwiękowy ostrzegający pieszych podczas cofania- Klimatyzacja manualna- Alternator 180A- Akumulator L5 95Ah- Elektryczne wspomaganie kierownicy- Boczne lusterka regulowane elektrycznie i podgrzewane- Podłokietnik siedzenia kierowcy- Trwała przegroda z blachy bez szyby- Dwumiejscowe siedzenie pasażerów ze składanym stolikiem- Radio 5"" Bluetooth + Dab- System stabilizacji toru jazdy ESC (rozszerzony o asystenta bocznego wiatru, system stabilizacji prz- Zestaw naprawczy do opon ""Fix&Go""- Uchwyty na kubek- TAPICERKA CZARNA STANDARD ""CREPE"" POJEDYNCZE PRZESZYCIA, PEŁNE ZAGŁÓWKI- Zderzak przedni w kolorze czarnym- Poduszka powietrzna kierowcy- Poduszka powietrzna pasażera- Czujniki cofania- Drzwi tylne dwuskrzydłowe pełne- Obwódki przednich reflektorów w kolorze czarnym- 16"" Felgi ze wzmocnionej stali- PAKIET BEZPIECZEŃSTWA RM24- Aerodynamiczny pakiet redukujący emisję CO2: odpowiednio wyprofilowany zderzak oraz aktywna osłona p- OPONY N1 KLASY A 215/70 R15C lub 215/75 R16C, w zależności od wersji- Światła do jazdy dziennej- Nalepka informacyjna ""Ciao Fiat""- Uchwyty do mocowania przedmiotów w przedziale ładunkowym- Zbiornik paliwa 90L- Interfejs modułu telematycznego (m.in. połączenie SOS i Assistance)- System monitorujący ciśnienie w oponach (TPMS - pomiar pośredni)- Instrukcja obsługi w języku polskim- Osłona przedniego grilla w kolorze nadwozia- Tempomat z ogranicznikiem prędkości- Moduł telematyczny- Czujnik zapięcia pasów bezpieczeństwa
Wyposażenie dodatkowe:
Pełnowymiarowe koło zapasowe z koszem
Półka pod sufitem
Kamera cofania z dynamicznymi liniami
Zawieszenie tylne z podwójnymi resorami
Drzwi tylne otwierane pod kątem 270 stopni
Pakiet VISIBILITY PLUS (Światła przeciwmgielne z doświetlaniem zakrętów, Czujnik deszczu i zmierzchu, Reflektory przednie Full LED)
Pakiet TECHNO (Radio 10-calowe z nawigacją, Bluetooth, Carplay/Android Auto, DAB i sterowaniem na kierownicy, Podwójny port USB w miejscu gniazda zapalniczki, Klimatyzacja automatyczna, Usługi łączności)
ST Motors Grupa PGD sp. z o.o. sp. k
Fiat Professional salon Warszawa ul. Krasnobrodzka 5 Centrum Motoryzacyjne Toruńska:
Adrian Czyżewski 667-071-999
Jarosław Szmitko 667-071-762
Maciej Strzerzyński 667-071-911
Informacje umieszczone na stronie internetowej służą jedynie celom informacyjnym i nie stanowią oferty w rozumieniu przepisów KodeksuCywilnego oraz opisu towaru ani zapewnienia w rozumieniu art. 4 Ustawy z dnia 27 lipca 2002 r. o szczególnych warunkach sprzedażykonsumenckiej. Indywidualne uzgodnienie właściwości i specyfikacji pojazdu następuje w umowie sprzedaży. Zdjęcie prezentowanego modelujest zdjęciem przykładowym i może przedstawiać wersję inną niż oferowana w ogłoszeniu.","{""Rok produkcji"": ""2024"", ""Rodzaj"": ""furgon"", ""Silnik"": ""diesel"", ""Moc"": ""180 KM"", ""Pojemność"": ""2184 cm3"", ""Kolor nadwozia"": ""biały"", ""Przebieg"": ""8 734 km"", ""Numer oferty"": ""WBN00164FP"", ""Numer VIN"": ""ZFA250007RG034779"", ""Tytuł oferty"": ""FIAT Ducato Maxi Furgon L4H2 2.2 H3-POWER 180KM (Samochód demonstracyjny)"", ""Cena netto"": ""110000 PLN"", ""Cena brutto (kalkulacja)"": ""135300 PLN"", ""Cena katalogowa netto"": ""170955 PLN"", ""Najniższa cena 30d"": ""110000 PLN"", ""Liczba pozycji wyposażenia"": 90}"
115998,https://fiat.pgd.pl/samochod/fiat-scudo-furgon-brygadowy-maxi-2-2-mjd-150km-at8/id/115998,2026-08-14T09:35:46.059746+00:00,Fiat,Scudo,Furgon Brygadowy Maxi 2.2 MjD 150KM AT8,VXFVPFC38TU430958,147477,119 900 PLN netto,119900,Najniższa cena w ostatnich 30 dniach: 119 900 PLN netto,2026,0,Diesel,Automatyczna,150,,03.07.2026,2184,Przedni,Furgon,5,5,Szary,metaliczny,Fiat PGD Warszawa,Krasnobrodzka 5,Warszawa,Trasa Toruńska przy rondzie Łabiszyńska,,,https://fiat.pgd.pl/p/o-nas/kontakt,123 000 055,https://fiat.pgd.pl/cache/site_single_car/uploads_fiat/cars/new/115998/img-20260710-115203876-hdr.jpg,17,https://fiat.pgd.pl/cache/site_single_car/uploads_fiat/cars/new/115998/img-20260710-115203876-hdr.jpg | https://fiat.pgd.pl/cache/site_single_car/uploads_fiat/cars/new/115998/img-20260710-115212993-hdr.jpg | https://fiat.pgd.pl/cache/site_single_car/uploads_fiat/cars/new/115998/img-20260710-115243460-hdr.jpg | https://fiat.pgd.pl/cache/site_single_car/uploads_fiat/cars/new/115998/img-20260710-115302662-hdr.jpg | https://fiat.pgd.pl/cache/site_single_car/uploads_fiat/cars/new/115998/img-20260710-115402374-hdr.jpg | https://fiat.pgd.pl/cache/site_single_car/uploads_fiat/cars/new/115998/img-20260710-115423368-hdr.jpg | https://fiat.pgd.pl/cache/site_single_car/uploads_fiat/cars/new/115998/img-20260710-115441826-hdr.jpg | https://fiat.pgd.pl/cache/site_single_car/uploads_fiat/cars/new/115998/img-20260710-115504047-hdr.jpg | https://fiat.pgd.pl/cache/site_single_car/uploads_fiat/cars/new/115998/img-20260710-115507196-hdr.jpg | https://fiat.pgd.pl/cache/site_single_car/uploads_fiat/cars/new/115998/img-20260710-115514733-hdr.jpg | https://fiat.pgd.pl/cache/site_single_car/uploads_fiat/cars/new/115998/img-20260710-115521259-hdr.jpg | https://fiat.pgd.pl/cache/site_single_car/uploads_fiat/cars/new/115998/img-20260710-115539553-hdr.jpg | https://fiat.pgd.pl/cache/site_single_car/uploads_fiat/cars/new/115998/img-20260710-115545075-hdr.jpg | https://fiat.pgd.pl/cache/site_single_car/uploads_fiat/cars/new/115998/img-20260710-115603655-hdr.jpg | https://fiat.pgd.pl/cache/site_single_car/uploads_fiat/cars/new/115998/img-20260710-115616011-hdr.jpg | https://fiat.pgd.pl/cache/site_single_car/uploads_fiat/cars/new/115998/img-20260710-120148429-hdr.jpg | https://fiat.pgd.pl/cache/site_single_car/uploads_fiat/cars/new/115998/img-20260710-120154681-hdr.jpg,"Radio fabryczne AM/FM/DAB z 10 calowym kolorowym ekranem dotykowym|Apple CarPlay i Android Auto|Mirror Screen|Sterowanie systemem audio przyciskami na kierownicy|Zestaw głośnomówiący Bluetooth|Komendy głosowe|Dwa gniazda USB typu C|4 głośniki|Łączność 4G, OTA oraz wbudowana instrukcja obsługi|Moduł telematyczny SOS i Assistance",Poduszka powietrzna kierowcy|Podwójna poduszka powietrzna pasażerów z możliwością odłączenia|Przednie czołowe poduszki powietrzne|Trzypunktowe pasy bezpieczeństwa z napinaczami i ogranicznikami napięcia|Sygnalizator braku zapięcia pasów bezpieczeństwa|ABS z BAS oraz ESP z ASR i Hill Assist|System kontroli ciśnienia w oponach TPMS|Tempomat z rekomendacją dozwolonej prędkości i ogranicznikiem prędkości|System automatycznego hamowania awaryjnego z ostrzeżeniem o kolizji|Układ ostrzegania o niezamierzonej zmianie pasa ruchu i korekty toru jazdy|System monitorowania skupienia kierowcy|System rozpoznawania znaków drogowych|Ostrzeżenie o zmęczeniu kierowcy|Automatyczne światła drogowe i mijania|Czujnik deszczu i zmierzchu|Tylne czujniki parkowania|Kamera cofania 180 stopni z wizualizacją|Reflektory przednie Full Eco LED ze światłami do jazdy dziennej|Przednie reflektory przeciwmgłowe|Immobilizer,"Klimatyzacja manualna|Fotel kierowcy z podłokietnikiem oraz regulacją wzdłużną, oparcia, wysokości i lędźwiową|Kanapa dla dwóch pasażerów|Tapicerka materiałowa|Kierownica wielofunkcyjna pokryta skórą|Elektrycznie sterowane i podgrzewane lusterka boczne|Elektrycznie sterowane szyby boczne z przodu|Centralny zamek sterowany pilotem z funkcją selektywnego otwierania|Dwa kluczyki z pilotem|Wspomaganie układu kierowniczego|Regulacja położenia kolumny kierownicy w dwóch płaszczyznach|Komputer pokładowy z cyfrowym, kolorowym wyświetlaczem kierowcy 10 cali|Przycisk Start/Stop|Manualny hamulec postojowy|Centralny schowek na górze deski rozdzielczej|Schowek na 2 smartfony w konsoli środkowej|Podwójny schowek pasażera|Pakiet akustyczny z wyciszeniem odgłosów silnika|Wyłożenie podłogi w kabinie kierowcy plastikowe TPO|Lakier metalizowany Szary Colosseo","16 calowe stalowe felgi z półkołpakami i oponami 215/65 R16 C|Pełnowymiarowe koło zapasowe z czarną felgą|Zestaw naprawczy do opon z kompresorem|Drzwi boczne przesuwne prawe sterowane manualnie|Drzwi tylne dwuskrzydłowe pełne blaszane z kątem otwarcia 180 stopni|Przegroda stała blaszana, nieprzeszklona|Przestrzeń ładunkowa zabezpieczona panelami oraz antypoślizgową podłogą 9 mm z listwami aluminiowymi|Uchwyty do mocowania ładunku|Oświetlenie w przestrzeni ładunkowej LED|Dwa gniazda 12V w kabinie i ładowni|Zderzaki w kolorze nadwozia, lusterka i klamki w kolorze czarnym|Podwyższona ładowność|Pakiet City|Pakiet Cargo",Dodatkowe informacje,"Przedmiotem oferty jest Fiat Scudo Furgon Maxi Brygadowy Seria 2 z silnikiem wysokoprężnym o pojemności 2.2l i mocy 150KM. Skrzynia biegów automatyczna, 8-biegowa.
_
Rok produkcji: 2026
DMC: 3080kg
Kolor lakieru:  szary Colosseo
Tapiecerka materiałowa:  Curitiba (materiałowa szara)
_
Cena auta katalogowa auta: 178 087 zł netto.
Cena promocyjna auta po rabacie: 119 900 zł netto
Auto zarejestrowane na dealera 03.07.2026, bez przebiegu.
Najniższa cena w ciągu ostatnich 30 dni: 119 900 zł netto.
Gwarancja fabryczna 8 lat lub 160 000 km
_
Wyposażenie standardowe:
- Pasy bezpiecz. trzypunkt. foteli bocz. 1go rzędu, regul. wys., napin. pirotech. i ogranicz. napięcia- Pasy bezpieczeństwa trzypunktowe fotela centralnego 1-go rzędu- Podwyższona ładowność- Schowek na 2 smartfony w środkowej, dolnej części desce rozdzielczej- Przestrzeń ładunkowa zabezpieczona do połowy wysokości panelami z tworzywa Isorel- Konsola z lampkami, wskaźnikami przypom. zapięcia pasów, modułem telemat. połączeń SOS i Assistance.- Oświetlenie w przestrzeni ładunkowej (R2 15W, R3 5W)- Wyłożenie podłogi w kabinie kierowcy plastikowe (TPO)- Zderzak przedni i tylny, lusterka boczne, listwy ochronne boczne, klamki w kolorze czarnym- Przegroda stała blaszana, nieprzeszklona za pierwszym rzędem siedzeń- Pakiet akustyczny: szyba przed. akust., szyby boczne pogrubione, wyciszenie odgłosów silnika i zewn. - Fotel kierowcy z podłokiet., regul.: wzdł., oparcia, wysokości, lędźw., kanapa dla dwóch pasażerów - Drzwi tylne dwuskrzydłowe pełne blaszane symetryczne, kąt otwarcia 180°, z zamkiem- Czujniki parkowania z tyłu- Drzwi boczne przesuwne prawe, sterowane manualnie- Felgi stal. szare 16"", półkołpaki, opony 215/65 R16 C 106 T lub 215/65 R16 C 109 T- Centr. schowek na górze deski rozdziel., podwójny schowek pasażera, otwarty u dołu, zamknięty u góry- Kolumna kierownicy regulowana w dwóch płaszczyznach- RCE radio AM/FM/DAB, ekran 5'' czarno-biały dotyk., Bluetooth, 4 głośniki, połączenia SOS i Assist.- Klimatyzacja manualna- Szyby drzwi przednich barwione, pogrubione, sterowane elektrycznie, sekwencyjne- Reflektory przednie ze światłami do jazdy dziennej- Dwa gniazda 12V (120W maks.): w dolnym schowku pasażera, z lewej strony ładowni przy drzwiach tyl.- Dwa kluczyki z pilotem zamka centralnego, 3 przyciski; funkcja selektywnego otwierania drzwi- System monitorowania skupienia kierowcy na prowadzeniu (DAA3)- Lusterka boczne składane manualnie- Układ ostrzegania o niezamierzonej zmianie pasa ruchu i korekty toru jazdy- Zestaw naprawczy do opon (kompresor 12 V + wkład uszczelniający)- System automatycznego włączania świateł mijania i wycieraczek szyby przedniej- Poduszki bezpieczeństwa kierowcy i podwójna pasażerów, ta ostatnia z możliwością odłączenia- Inteligentny tempomat z rekomendacją dozwolonej prędkości i ogranicznikiem prędkości- Systemy: ABS z BAS oraz ESP z ASR 9.3 i Hill Assist (wspomaganie ruszania na wzniesieniu)- Kierownica plastik., wielofunkc., manetki zmiany bieg. (skrzy. aut.) lub rekuperacji (wersje elekt.)- System automatycznej zmiany świateł drogowych i mijania- Mod. telemat. BTA lub BSRF - połącz. SOS i Assist., wers. elekt. program. ogrze. kab., łado. baterii- Lusterka boczne zewnętrzne sterowane elektrycznie i podgrzewane- Czujnik ciśnienia w oponach (pomiar pośredni)- Uchwyty do mocow. ładunku - 6 w wersjach Standard, 8 w wersjach Maxi, o 2 mniej w wersjach Brygad.- System automat. hamowania awaryjnego z poprzedzającym go ostrzeż. o możliwej kolizji przodem (VAEB)- Manualny hamulec postojowy- Wyświetlacz kierowcy cyfrowy, czarno-biały
Wyposażenie dodatkowe:
Pakiet City:
- system multimedialny IVI MID radio AM/FM/DAB z 10"" kolorowym ekranemdotykowym, Mirror Screen (WiFi), Apple CarPlayTM i Android AutoTM,komendy głosowe, dwa gniazda USB typu C, 4 głośniki, łączność 4G przezBSRF: połączenia SOS i Assistance, OTA 4G, wbudowana instrukcja obsługi,oferty usług marki Fiat, programowalne ogrzewanie i ładowanie w wersjachelektrycznych (K99)- wyświetlacz kierowcy 10"" cyfrowy, kolorowy (Y0X)- kamera cofania 180°, wizualizacja na ekranie dotykowym, funkcja widoku 180° z góry- programowalny tempomat
AY6 Lakier metalizowany Szary Colosseo
FA6 Panele ochronne podłogi płyta antypoślizgowa 9 mm z listwamialuminiowymi
FFZ Koło zapasowe pełnowymiarowe z czarną felgą
FI3 Pakiet City
Y1G Reflektory przednie Full Eco LED ze światłami do jazdy dziennej
Auto dostępne do oględzin w naszym salonie, serdecznie zapraszamy. ST Motors, autoryzowany dealer Fiat Professional.
Krasnobrodzka 5, 03-214 Warszawa
ST Motors Grupa PGD sp. z o.o. sp. k
Fiat Professional salon Warszawa ul. Krasnobrodzka 5 Centrum Motoryzacyjne Toruńska:
Jarosław Szmitko  +48 667 071 762
Adrian Czyżewski +48 667 071 999
Maciej Strzerzyński +48 667 071 911
Zapraszamy!
Informacje umieszczone na stronie internetowej służą jedynie celom informacyjnym i nie stanowią oferty w rozumieniu przepisów KodeksuCywilnego oraz opisu towaru ani zapewnienia w rozumieniu art. 4 Ustawy z dnia 27 lipca 2002 r. o szczególnych warunkach sprzedażykonsumenckiej. Indywidualne uzgodnienie właściwości i specyfikacji pojazdu następuje w umowie sprzedaży. Zdjęcie prezentowanego modelujest zdjęciem przykładowym i może przedstawiać wersję inną niż oferowana w ogłoszeniu.","{""Rok produkcji"": ""2026"", ""Rodzaj"": ""furgon"", ""Silnik"": ""diesel"", ""Moc"": ""150 KM"", ""Pojemność"": ""2184 cm3"", ""Kolor nadwozia"": ""szary  metaliczny"", ""Numer oferty"": ""WBN00472FP"", ""Numer VIN"": ""VXFVPFC38TU430958"", ""Tytuł oferty"": ""FIAT Scudo Furgon Brygadowy Maxi 2.2 MjD 150KM AT8"", ""Cena netto"": ""119900 PLN"", ""Cena brutto (kalkulacja)"": ""147477 PLN"", ""Cena katalogowa netto"": ""178087 PLN"", ""Najniższa cena 30d"": ""119900 PLN"", ""Liczba pozycji wyposażenia"": 117}"
115857,https://fiat.pgd.pl/samochod/fiat-scudo-furgon-xl-diesel-1-5-120-km-manual/id/115857,2026-08-14T09:35:50.775071+00:00,Fiat,Scudo,Furgon XL Diesel 1.5 120 KM Manual,VXFVJYHV9TU440955,119310,97 000 PLN netto,97000,Najniższa cena w ostatnich 30 dniach: 97 000 PLN netto,2026,0,Diesel,Automatyczna,120,,,1499,Przedni,Furgon,4,3,Biały,metaliczny,Fiat PGD Warszawa,Krasnobrodzka 5,Warszawa,Trasa Toruńska przy rondzie Łabiszyńska,,,https://fiat.pgd.pl/p/o-nas/kontakt,123 000 055,https://fiat.pgd.pl/cache/site_single_car/uploads_fiat/cars/new/115857/20260715-154106-2.jpg,17,https://fiat.pgd.pl/cache/site_single_car/uploads_fiat/cars/new/115857/20260715-154106-2.jpg | https://fiat.pgd.pl/cache/site_single_car/uploads_fiat/cars/new/115857/20260715-155707.jpg | https://fiat.pgd.pl/cache/site_single_car/uploads_fiat/cars/new/115857/20260715-155121.jpg | https://fiat.pgd.pl/cache/site_single_car/uploads_fiat/cars/new/115857/20260715-154229.jpg | https://fiat.pgd.pl/cache/site_single_car/uploads_fiat/cars/new/115857/20260715-154259.jpg | https://fiat.pgd.pl/cache/site_single_car/uploads_fiat/cars/new/115857/20260715-154623.jpg | https://fiat.pgd.pl/cache/site_single_car/uploads_fiat/cars/new/115857/20260715-154422.jpg | https://fiat.pgd.pl/cache/site_single_car/uploads_fiat/cars/new/115857/20260715-154403.jpg | https://fiat.pgd.pl/cache/site_single_car/uploads_fiat/cars/new/115857/20260715-154524.jpg | https://fiat.pgd.pl/cache/site_single_car/uploads_fiat/cars/new/115857/20260715-154759.jpg | https://fiat.pgd.pl/cache/site_single_car/uploads_fiat/cars/new/115857/20260715-155151.jpg | https://fiat.pgd.pl/cache/site_single_car/uploads_fiat/cars/new/115857/20260715-154853.jpg | https://fiat.pgd.pl/cache/site_single_car/uploads_fiat/cars/new/115857/20260715-155002.jpg | https://fiat.pgd.pl/cache/site_single_car/uploads_fiat/cars/new/115857/20260715-155015.jpg | https://fiat.pgd.pl/cache/site_single_car/uploads_fiat/cars/new/115857/20260715-155318.jpg | https://fiat.pgd.pl/cache/site_single_car/uploads_fiat/cars/new/115857/20260715-155250.jpg | https://fiat.pgd.pl/cache/site_single_car/uploads_fiat/cars/new/115857/20260715-155034.jpg,"Radio fabryczne AM/FM/DAB z 10"" kolorowym ekranem dotykowym|Zestaw głośnomówiący Bluetooth|Gniazdo USB i USB typu C|Funkcja Android Auto / Apple CarPlay (Mirror Screen)|Sterowanie systemem audio przyciskami na kierownicy|Komendy głosowe|Usługi łączności 4G, OTA oraz moduł telematyczny SOS i Assistance|Wbudowana instrukcja obsługi",Poduszka powietrzna kierowcy i pasażera z możliwością odłączenia|Czołowe poduszki powietrzne kierowcy i pasażera|Trzypunktowe pasy bezpieczeństwa z napinaczami i ogranicznikami napięcia|Sygnalizator braku zapięcia pasów bezpieczeństwa|System ABS z BAS oraz ESP z ASR i Hill Assist|System kontroli ciśnienia w oponach (TPMS)|Inteligentny tempomat z rekomendacją dozwolonej prędkości i ogranicznikiem|System Pre-Collision Assist oraz automatycznego hamowania awaryjnego (VAEB)|System ostrzegania o niezamierzonej zmianie pasa ruchu z korektą toru jazdy|System monitorowania skupienia kierowcy na prowadzeniu (DAA3)|System rozpoznawania znaków drogowych|System automatycznej zmiany świateł drogowych i mijania|Czujnik deszczu i zmierzchu z automatycznym włączaniem świateł|Przednie reflektory w pełni Eco LED|Przednie reflektory przeciwmgłowe|Światła do jazdy dziennej|Tylne czujniki parkowania|Kamera cofania 180° z widokiem z góry|Immobilizer,"Klimatyzacja manualna|Fotel kierowcy z regulacją wzdłużną, wysokości, oparcia, odcinka lędźwiowego i podłokietnikiem|Dwumiejscowa kanapa pasażerów ze schowkiem pod siedziskiem|Składane środkowe oparcie z funkcją stolika formatu A4|Podnoszony prawy fotel skrajny|Przegroda kabiny z otworem na długie przedmioty|Tapicerka materiałowa|Kierownica wielofunkcyjna pokryta skórą z manetkami zmiany biegów|Kolumna kierownicy regulowana w dwóch płaszczyznach|Elektrycznie regulowane i podgrzewane lusterka zewnętrzne|Lusterka boczne składane elektrycznie|Elektrycznie sterowane szyby boczne z przodu z funkcją sekwencyjną|Cyfrowy, kolorowy wyświetlacz kierowcy 10""|Centralny zamek sterowany pilotem z funkcją selektywnego otwierania|Wspomaganie układu kierowniczego|Manualny hamulec postojowy|Przycisk Start/Stop|Dwa gniazda 12V|Schowek na 2 smartfony w desce rozdzielczej|Centralny schowek na górze deski rozdzielczej oraz podwójny schowek pasażera","Pakiet Magic Cargo|Pakiet City|Pakiet Icon|Lakier metalizowany - Biały Gelato|17"" felgi stalowe czarne z kołpakami|Pełnowymiarowe koło zapasowe|Zestaw naprawczy do opon (kompresor i wkład uszczelniający)|Drzwi boczne przesuwne po prawej stronie|Drzwi tylne dwuskrzydłowe blaszane pełne z kątem otwarcia 180°|Przegroda stała blaszana, nieprzeszklona|Oświetlenie przestrzeni ładunkowej LED|Przestrzeń ładunkowa zabezpieczona do połowy wysokości panelami z tworzywa Isorel|Uchwyty do mocowania ładunku|Zderzaki, obudowy lusterek, klamki i listwy ochronne w kolorze nadwozia|Plastikowe wyłożenie podłogi w kabinie kierowcy (TPO)",Dodatkowe informacje,"Przedmiotem oferty jest Fiat Scudo Maxi z silnikiem o pojemności 1,5l i mocy 120KM. Skrzynia biegów manualna 6-biegowa.
_
Rok produkcji: 2026
DMC: 3100kg
Kolor lakieru:  Biały Gelato
Tapiecerka materiałowa:  Curitiba (materiałowa szara)
_
Cena auta katalogowa auta: 144 387 zł netto.
Cena promocyjna auta po rabacie: 97 000 zł netto
Najniższa cena w ciągu ostatnich 30 dni: 104 000 zł netto.
_
Wyposażenie standardowe:
- Pasy bezpiecz. trzypunkt. foteli bocz. 1go rzędu, regul. wys., napin. pirotech. i ogranicz. napięcia- Pasy bezpieczeństwa trzypunktowe fotela centralnego 1-go rzędu- Podwyższona ładowność- Schowek na 2 smartfony w środkowej, dolnej części desce rozdzielczej- Przestrzeń ładunkowa zabezpieczona do połowy wysokości panelami z tworzywa Isorel- Konsola z lampkami, wskaźnikami przypom. zapięcia pasów, modułem telemat. połączeń SOS i Assistance.- Oświetlenie w przestrzeni ładunkowej (R2 15W, R3 5W)- Wyłożenie podłogi w kabinie kierowcy plastikowe (TPO)- Zderzak przedni i tylny, lusterka boczne, listwy ochronne boczne, klamki w kolorze czarnym- Przegroda stała blaszana, nieprzeszklona za pierwszym rzędem siedzeń- Pakiet akustyczny: szyba przed. akust., szyby boczne pogrubione, wyciszenie odgłosów silnika i zewn.- Fotel kierowcy z podłokiet., regul.: wzdł., oparcia, wysokości, lędźw., kanapa dla dwóch pasażerów- Drzwi tylne dwuskrzydłowe pełne blaszane symetryczne, kąt otwarcia 180°, z zamkiem- Czujniki parkowania z tyłu- Drzwi boczne przesuwne prawe, sterowane manualnie- Felgi stal. szare 16"", półkołpaki, opony 215/65 R16 C 106 T lub 215/65 R16 C 109 T- Centr. schowek na górze deski rozdziel., podwójny schowek pasażera, otwarty u dołu, zamknięty u góry- Kolumna kierownicy regulowana w dwóch płaszczyznach- RCE radio AM/FM/DAB, ekran 5'' czarno-biały dotyk., Bluetooth, 4 głośniki, połączenia SOS i Assist.- Klimatyzacja manualna- Szyby drzwi przednich barwione, pogrubione, sterowane elektrycznie, sekwencyjne- Reflektory przednie ze światłami do jazdy dziennej- Dwa gniazda 12V (120W maks.): w dolnym schowku pasażera, z lewej strony ładowni przy drzwiach tyl.- Dwa kluczyki z pilotem zamka centralnego, 3 przyciski; funkcja selektywnego otwierania drzwi- System monitorowania skupienia kierowcy na prowadzeniu (DAA3)- Lusterka boczne składane manualnie- Układ ostrzegania o niezamierzonej zmianie pasa ruchu i korekty toru jazdy- Zestaw naprawczy do opon (kompresor 12 V + wkład uszczelniający)- System automatycznego włączania świateł mijania i wycieraczek szyby przedniej- Poduszki bezpieczeństwa kierowcy i podwójna pasażerów, ta ostatnia z możliwością odłączenia- Inteligentny tempomat z rekomendacją dozwolonej prędkości i ogranicznikiem prędkości- Systemy: ABS z BAS oraz ESP z ASR 9.3 i Hill Assist (wspomaganie ruszania na wzniesieniu)- Kierownica plastik., wielofunkc., manetki zmiany bieg. (skrzy. aut.) lub rekuperacji (wersje elekt.)- System automatycznej zmiany świateł drogowych i mijania- Mod. telemat. BTA lub BSRF - połącz. SOS i Assist., wers. elekt. program. ogrze. kab., łado. baterii- Lusterka boczne zewnętrzne sterowane elektrycznie i podgrzewane- Czujnik ciśnienia w oponach (pomiar pośredni)- Uchwyty do mocow. ładunku - 6 w wersjach Standard, 8 w wersjach Maxi, o 2 mniej w wersjach Brygad.- System automat. hamowania awaryjnego z poprzedzającym go ostrzeż. o możliwej kolizji przodem (VAEB)- Manualny hamulec postojowy- Wyświetlacz kierowcy cyfrowy, czarno-biały
Wyposażenie dodatkowe:
AY6 Lakier metalizowany - Biały Gelato
Reflektory przednie w pełni Eco LED
Pakiet Magic Cargo  przegroda kabiny z otworem na długie przedmiotyFotel kierowcy z podłokietnikiem. Dwumiejscowa kanapa pasażerów ze schowkiem pod siedziskiemz zagłówkami regulowanymi na wysokość, oparcie środkowe składane w ruchomy stolik formatu A4oraz podnoszony fotel skrajny (prawy).
FI3 Pakiet City (IVI MID radio AM/FM/DAB z 10"" kolorowym ekranem dotykowym, MirrorScreen (WiFi), komendy głosowe, gniazdo USB typu C, 4 głośniki, łączność4G przez BSRF: połączenia SOS i Assistance, OTA 4G, wbudowana instrukcjaobsługi, oferty usług marki Fiat, programowalne ogrzewanie i ładowanie wwersjach elektrycznych- wyświetlacz kierowcy 10"" cyfrowy, kolorowy- kamera cofania 180°, wizualizacja na ekranie dotykowym,funkcja widoku 180° z góry- programowalny tempomat
Pakiet Icon (wersje Standard)- zderzak przód i tył, osłony lusterek bocznych, klamki i listwy ochronne bocznew kolorze nadwozia- felgi stalowe czarne 17"" z kołpakami (za wyjątkiem pojazdów wyposażonychw system Grip Control)- lusterka boczne składane elektrycznie- światła przeciwmgłowe
Auto dostępne do oględzin w naszym salonie, serdecznie zapraszamy. ST Motors, autoryzowany dealer Fiat Professional.
Krasnobrodzka 5, 03-214 Warszawa
ST Motors Grupa PGD sp. z o.o. sp. k
Fiat Professional salon Warszawa ul. Krasnobrodzka 5 Centrum Motoryzacyjne Toruńska:
Adrian Czyżewski +48 667 071 999
Jarosław Szmitko  +48 667 071 762
Maciej Strzerzyński +48 667 071 911
_
Zapraszamy!
Informacje umieszczone na stronie internetowej służą jedynie celom informacyjnym i nie stanowią oferty w rozumieniu przepisów KodeksuCywilnego oraz opisu towaru ani zapewnienia w rozumieniu art. 4 Ustawy z dnia 27 lipca 2002 r. o szczególnych warunkach sprzedażykonsumenckiej. Indywidualne uzgodnienie właściwości i specyfikacji pojazdu następuje w umowie sprzedaży. Zdjęcie prezentowanego modelujest zdjęciem przykładowym i może przedstawiać wersję inną niż oferowana w ogłoszeniu.","{""Rok produkcji"": ""2026"", ""Rodzaj"": ""furgon"", ""Silnik"": ""diesel"", ""Moc"": ""120 KM"", ""Pojemność"": ""1499 cm3"", ""Kolor nadwozia"": ""biały  metaliczny"", ""Numer oferty"": ""WBN00597FP"", ""Numer VIN"": ""VXFVJYHV9TU440955"", ""Tytuł oferty"": ""FIAT Scudo Furgon XL Diesel 1.5 120 KM Manual"", ""Cena netto"": ""97000 PLN"", ""Cena brutto (kalkulacja)"": ""119310 PLN"", ""Cena katalogowa netto"": ""144387 PLN"", ""Najniższa cena 30d"": ""97000 PLN"", ""Liczba pozycji wyposażenia"": 129}"
115795,https://fiat.pgd.pl/samochod/fiat-doblo-crewcab-bluehdi-1-5-100-km-s-s-mt6-rm26/id/115795,2026-08-14T09:35:53.677133+00:00,Fiat,Doblo,"CrewCab BlueHDi 1.5, 100 KM, S&S MT6 RM26",VYFEDYHT6TJ561534,110577,89 900 PLN netto,89900,Najniższa cena w ostatnich 30 dniach: 89 900 PLN netto,2026,0,Diesel,Manualna,102,,,1499,Przedni,Mpv,5,5,Biały,akryl niemetalizowany,Fiat PGD Warszawa,Krasnobrodzka 5,Warszawa,Trasa Toruńska przy rondzie Łabiszyńska,,,https://fiat.pgd.pl/p/o-nas/kontakt,123 000 055,https://fiat.pgd.pl/cache/site_single_car/uploads_fiat/cars/new/115795/img-20260331-121854990-hdr.jpg,14,https://fiat.pgd.pl/cache/site_single_car/uploads_fiat/cars/new/115795/img-20260331-121854990-hdr.jpg | https://fiat.pgd.pl/cache/site_single_car/uploads_fiat/cars/new/115795/img-20260331-121904830-hdr.jpg | https://fiat.pgd.pl/cache/site_single_car/uploads_fiat/cars/new/115795/img-20260331-121930719-hdr.jpg | https://fiat.pgd.pl/cache/site_single_car/uploads_fiat/cars/new/115795/img-20260331-121946525-hdr.jpg | https://fiat.pgd.pl/cache/site_single_car/uploads_fiat/cars/new/115795/img-20260331-122006398-hdr.jpg | https://fiat.pgd.pl/cache/site_single_car/uploads_fiat/cars/new/115795/img-20260331-122046520-hdr.jpg | https://fiat.pgd.pl/cache/site_single_car/uploads_fiat/cars/new/115795/img-20260331-122055810-hdr.jpg | https://fiat.pgd.pl/cache/site_single_car/uploads_fiat/cars/new/115795/img-20260331-122308994-hdr.jpg | https://fiat.pgd.pl/cache/site_single_car/uploads_fiat/cars/new/115795/img-20260331-122852424-hdr.jpg | https://fiat.pgd.pl/cache/site_single_car/uploads_fiat/cars/new/115795/img-20260331-122902861-hdr.jpg | https://fiat.pgd.pl/cache/site_single_car/uploads_fiat/cars/new/115795/img-20260331-122928413-hdr.jpg | https://fiat.pgd.pl/cache/site_single_car/uploads_fiat/cars/new/115795/img-20260331-122957493-hdr.jpg | https://fiat.pgd.pl/cache/site_single_car/uploads_fiat/cars/new/115795/img-20260331-123019689-hdr.jpg | https://fiat.pgd.pl/cache/site_single_car/uploads_fiat/cars/new/115795/img-20260331-123033698-hdr.jpg,Radio fabryczne|Zestaw głośnomówiący Bluetooth|Gniazdo USB|Sterowanie systemem audio przyciskami na kierownicy|System Multimedia z 10” wyświetlaczem i funkcją Android Auto / Apple CarPlay,"Poduszka powietrzna kierowcy|Poduszka powietrzna pasażera|Poduszki powietrzne boczne tylnego siedzenia|Przednie, czołowe poduszki powietrzne (kierowcy i pasażera)|Kurtynowe poduszki powietrzne|ABS|ESP|ASR|IPS|Active City Stop|Pre-Collision Assist|Immobilizer|System kontroli ciśnienia w oponach|Sygnalizator braku zapięcia pasów bezpieczeństwa kierowcy|Ostrzeżenie o zmęczeniu kierowcy|Ostrzeżenie o niezamierzonej zmianie pasa ruchu|Ostrzeżenie o pojeździe w martwym polu|Rozpoznawanie znaków drogowych|Funkcja wzywania pomocy|Światła do jazdy dziennej|Tempomat|Tylne czujniki parkowania|Kamera cofania|Czujnik deszczu|Czujnik zmierzchu|Automatycznie ściemniające się lusterko wsteczne","Klimatyzacja automatyczna dwustrefowa|Lusterka zewnętrzne regulowane i składane elektrycznie oraz podgrzewane|Elektrycznie regulowane szyby boczne z przodu|Regulacja położenia kolumny kierownicy|Komputer pokładowy|Regulacja wysokości i elektryczna siedziska kierowcy|Podłokietnik kierowcy|Przesuwana, dzielona tylna kanapa w proporcji 60/40|Wspomaganie układu kierowniczego|Centralny zamek sterowany pilotem|Kierownica standardowa","Pełnowymiarowe koło zapasowe|Zestaw do naprawy ""Fix&Go""|Gniazdo 12V|System Start/Stop|Drzwi boczne przesuwne po lewej i prawej stronie|Drzwi tylne dwuskrzydłowe pełne z kątem otwarcia 180°|Szyba w prawych drzwiach bocznych, przesuwna|Model Year 2026|Pakiet Techno CrewCab|Pakiet Dobrej Widoczności|Fabryczna zabudowa, podłoga ze sklejki 9 mm",Dodatkowe informacje,"Przedmiotem ogłoszenia jest FIAT Doblo w wersji brygadowej, 5-osobowej, CrewCab BlueHDi 1.5, 100 KM, S&S MT6
Skrzynia biegów manualną, 6-biegową.
Wersja CrewCab, 5-osobowa z możliwością złożenia tylnej kanapy i powiększenia przestrzeni ładunkowej.
Kolor: biały niemetalizowany
005- Tapicerka tkaninowa
Rok produkcji- 2026
Auto w dostawie, dostępność w lipcu 2026.
Cena katalogowa: 121 444 zł netto
Cena auta po rabacie: 89 900 zł netto
Najniższa cena z ostatnich 30 dni: 89 900 zł netto
Auto fabrycznie nowe, bez przebiegu. Gwarancja fabryczna 2 lata bez limitu kilometrów z możliwością przedłużenia do 8 lat.
Zachęcamy do zapoznania się z ofertą finansowania leasing promocyjny od 102,9%
Więcej informacji u handlowców
Wyposażenie standardowe pojazdu:
025 - Klimatyzacja manualna0MM - MODEL YEAR 2026162 - Siedzienie kierowcy z regulacją elektryczną365 - System monitorowania ciśnienia powietrza w oponach416 - Tempomat469 - Przesuwana, dzielona tylna kanapa499 - Zestaw do naprawy ""Fix&Go""516 - Drzwi tylne dwuskrzydłowe pełne523 - Drzwi boczne przesuwne po stronie pasażera614 - Kurtyny powietrzne (WINDOW-BAG)GKD - Szyba w prawych drzwiach bocznych, przesuwnaSCA - Kierownica standardowaXH3 - TYLNE CZUJNIKI PARKOWANIA
Wyposażenie dodatkowe:
BTW- Pakiet Techno CrewCab (Klimatyzacja dwustrefowa sterowana elektronicznie. System Multimedia z 10” wyświetlaczem i funkcją AA/ACP. Kamera cofania (analogowa). Pakiet Dobrej Widoczności.
TBB Koło zapasowe
OCK- fabryczna zabudowa, podłoga ze sklejki 9 mm
Na miejscu możliwość zapoznania się z ofertą leasingową i ubezpieczeniową
Serdecznie zapraszamy do naszego salonu na oględziny przed zakupem.
ST Motors Grupa PGD sp. z o.o. sp. k
Fiat Professional salon Warszawa ul. Krasnobrodzka 5 Centrum Motoryzacyjne Toruńska:
Jarosław Szmitko  +48 667 071 762
Maciej Strzerzyński +48 667 071 911
Adrian Czyżewski +48 667 071 999
Informacje umieszczone na stronie internetowej służą jedynie celom informacyjnym i nie stanowią oferty w rozumieniu przepisów KodeksuCywilnego oraz opisu towaru ani zapewnienia w rozumieniu art. 4 Ustawy z dnia 27 lipca 2002 r. o szczególnych warunkach sprzedażykonsumenckiej. Indywidualne uzgodnienie właściwości i specyfikacji pojazdu następuje w umowie sprzedaży. Zdjęcie prezentowanego modelujest zdjęciem przykładowym i może przedstawiać wersję inną niż oferowana w ogłoszeniu.","{""Rok produkcji"": ""2026"", ""Rodzaj"": ""MPV"", ""Silnik"": ""diesel"", ""Moc"": ""102 KM"", ""Pojemność"": ""1499 cm3"", ""Kolor nadwozia"": ""biały  akryl (niemetalizowany)"", ""Numer oferty"": ""WBN00393FP"", ""Numer VIN"": ""VYFEDYHT6TJ561534"", ""Tytuł oferty"": ""FIAT Doblo CrewCab BlueHDi 1.5, 100 KM, S&S MT6 RM26"", ""Cena netto"": ""89900 PLN"", ""Cena brutto (kalkulacja)"": ""110577 PLN"", ""Cena katalogowa netto"": ""121444 PLN"", ""Najniższa cena 30d"": ""89900 PLN"", ""Liczba pozycji wyposażenia"": 67}"
115380,https://fiat.pgd.pl/samochod/fiat-ducato-maxi-furgon-l3h2-2-2-h3-power-140km/id/115380,2026-08-14T09:35:57.619403+00:00,Fiat,Ducato,Maxi Furgon L3H2 2.2 H3-POWER 140KM,ZFA250003TMD17921,142557,115 900 PLN netto,115900,Najniższa cena w ostatnich 30 dniach: 115 900 PLN netto,2026,0,Diesel,Manualna,140,,,2184,Przedni,Furgon,4,3,Szary,akryl niemetalizowany,Fiat PGD Warszawa,Krasnobrodzka 5,Warszawa,Trasa Toruńska przy rondzie Łabiszyńska,,,https://fiat.pgd.pl/p/o-nas/kontakt,123 000 055,https://fiat.pgd.pl/cache/site_single_car/uploads_fiat/cars/new/115380/img-20260715-154405443-hdr.jpg,13,https://fiat.pgd.pl/cache/site_single_car/uploads_fiat/cars/new/115380/img-20260715-154405443-hdr.jpg | https://fiat.pgd.pl/cache/site_single_car/uploads_fiat/cars/new/115380/img-20260715-154421519-hdr.jpg | https://fiat.pgd.pl/cache/site_single_car/uploads_fiat/cars/new/115380/img-20260701-131824511-hdr.jpg | https://fiat.pgd.pl/cache/site_single_car/uploads_fiat/cars/new/115380/img-20260701-131833519-hdr.jpg | https://fiat.pgd.pl/cache/site_single_car/uploads_fiat/cars/new/115380/img-20260715-154245473-hdr.jpg | https://fiat.pgd.pl/cache/site_single_car/uploads_fiat/cars/new/115380/img-20260701-132241825-hdr.jpg | https://fiat.pgd.pl/cache/site_single_car/uploads_fiat/cars/new/115380/img-20260715-154443625-hdr.jpg | https://fiat.pgd.pl/cache/site_single_car/uploads_fiat/cars/new/115380/img-20260715-154455324-hdr.jpg | https://fiat.pgd.pl/cache/site_single_car/uploads_fiat/cars/new/115380/img-20260715-154512698-hdr.jpg | https://fiat.pgd.pl/cache/site_single_car/uploads_fiat/cars/new/115380/img-20260715-154525262-hdr.jpg | https://fiat.pgd.pl/cache/site_single_car/uploads_fiat/cars/new/115380/img-20260715-154534372-hdr.jpg | https://fiat.pgd.pl/cache/site_single_car/uploads_fiat/cars/new/115380/img-20260715-154619247-hdr.jpg | https://fiat.pgd.pl/cache/site_single_car/uploads_fiat/cars/new/115380/img-20260715-154638553-hdr.jpg,"Radio fabryczne|Radio 5"" Bluetooth + DAB|Zestaw głośnomówiący Bluetooth|Sterowanie systemem audio przyciskami na kierownicy|Nawigacja satelitarna GPS|Funkcja Android Auto / CarPlay|Interfejs modułu telematycznego (m.in. połączenie SOS i Assistance)|Moduł telematyczny",Poduszka powietrzna kierowcy|Poduszka powietrzna pasażera|Przednie czołowe poduszki powietrzne|Trzypunktowe pasy bezpieczeństwa|Sygnalizator braku zapięcia pasów bezpieczeństwa kierowcy|Czujnik zapięcia pasów bezpieczeństwa|ABS|ESP|ASR|System stabilizacji toru jazdy ESC z asystentem bocznego wiatru i systemem stabilizacji przyczepy|System Start/Stop|Immobilizer|Tempomat z ogranicznikiem prędkości|Pre-Collision Assist|Ostrzeżenie o zmęczeniu kierowcy|Ostrzeżenie o niezamierzonej zmianie pasa ruchu|Rozpoznawanie znaków drogowych|Funkcja wzywania pomocy|Sygnał dźwiękowy ostrzegający pieszych podczas cofania|Tylne czujniki parkowania|Kamera cofania z dynamicznymi kolorowymi liniami wyznaczającymi trajektorię ruchu|Czujnik deszczu|Czujnik zmierzchu|System monitorujący ciśnienie w oponach (TPMS)|Światła do jazdy dziennej|Przednie reflektory przeciwmgłowe|Światła przeciwmgielne z doświetlaniem zakrętów,"Klimatyzacja automatyczna|Komputer pokładowy|Regulacja wysokości fotela kierowcy|Dwumiejscowe siedzenie pasażerów|Podłokietnik kierowcy|Półka pod sufitem|Uchwyty na kubek|Tapicerka czarna standard ""Crepe"" z pojedynczymi przeszyciami i pełnymi zagłówkami|Regulacja położenia kolumny kierownicy|Elektryczne wspomaganie kierownicy|Kierownica i dźwignia zmiany biegów obszyte skórą ekologiczną|Lusterka zewnętrzne regulowane i składane elektrycznie oraz podgrzewane|Elektrycznie regulowane szyby boczne z przodu|Centralny zamek sterowany pilotem|Gniazdo 12V|Oświetlenie wnętrza ambient LED|Pakiet Safety|Pakiet Techno|Aerodynamiczny pakiet redukujący emisję CO2","Dach średni|Oświetlenie przedziału ładunkowego - LED|Drzwi odsuwane boczne po prawej stronie|Drzwi tylne dwuskrzydłowe pełne z kątem otwarcia 270°|Trwała przegroda z blachy bez szyby|Uchwyty do mocowania przedmiotów w przedziale ładunkowym|Wzmocnione zawieszenie tylne z podwójnymi resorami|16"" felgi ze wzmocnionej stali z kołpakami|Pełnowymiarowe koło zapasowe z koszem|Zestaw naprawczy do opon ""Fix&Go""|Opony N1 Klasy A 215/70 R15C lub 215/75 R16C|Zbiornik paliwa 90L|Alternator 180A|Akumulator L5 95Ah|Zderzak przedni w kolorze czarnym|Obwódki przednich reflektorów w kolorze czarnym|Osłona przedniego grilla w kolorze nadwozia|Plastikowe listwy ochronne na przednich nadkolach|Identyfikacja pojazdów low drag caliper|Lakier Szary Lanzarote|Instrukcja obsługi w języku polskim|Rok modelowy 2026|Ducato Easy Pro",Dodatkowe informacje,"Przedmiotem ogłoszenia jest auto dostawcze FIAT Ducato Maxi Seria 2 Furgon rozmiar L3H2. Skrzynia biegów manualna 6-biegowa, silnik wysokoprężny o pojemności 2.2l i mocy 140KM.
Rok produkcji: 2026
DMC: 3500kg
Ładowność: 1335 kg
Kolor lakieru:  szary Lanzarote
Tapiecerka materiałowa:  Lounge
Auto zarejestrowane 2.07.2026, bez przebiegu.
_
Cena katalogowa: 169 117 zł netto
Cena promocyjna auta po rabacie: 115 900 zł netto.
Istnieje możliwość uzyskania dodatkowego rabatu przy skorzystaniu z oferty finansowania w naszym salonie.
Najniższa cena w ciągu ostatnich 30 dni: 115 900zł netto
_
Auto fabrycznie nowe, bez przebiegu.
Gwarancja producenta: 8 lat lub 160 000 km
Na miejscu możliwość zapoznania się z ofertą leasingową, ubezpieczeniową, pakietów gwarancyjnych/serwisowych.
_
Wyposażenie standardowe:
01P - Sygnał dźwiękowy ostrzegający pieszych podczas cofania025 - Klimatyzacja manualna02S - Alternator 180A02T - Akumulator L5 95Ah03C - Elektryczne wspomaganie kierownicy041 - Boczne lusterka regulowane elektrycznie i podgrzewane132 - Podłokietnik siedzenia kierowcy149 - Trwała przegroda z blachy bez szyby1CQ - Drowsy Driver Detection2PX - Radio 5"" Bluetooth + Dab2VW - Identyfikacja pojazdów low drag caliper31Q - Instrukcja obsługi392 - System stabilizacji toru jazdy ESC (plus asystent bocznego wiatru, system stabilizacji przyczepy)499 - Zestaw naprawczy do opon ""Fix&Go""4B0 - Uchwyty na kubek4JK - Ducato Easy Pro4MZ - TAPICERKA CZARNA STANDARD ""CREPE"" POJEDYNCZE PRZESZYCIA, PEŁNE ZAGŁÓWKI4WH - Zderzak przedni w kolorze czarnym500 - Poduszka powietrzna kierowcy502 - Poduszka powietrzna pasażera508 - Czujniki cofania516 - Drzwi tylne dwuskrzydłowe pełne5EM - Obwódki przednich reflektorów w kolorze czarnym5EV - 16"" Felgi ze wzmocnionej stali5F4 - Pakiet Safety5K8 - Aerodynamiczny pakiet redukujący emisję CO25PP - Opony N1 Klasy A 215/70 R15C lub 215/75 R16C, w zależności od wersji692 - Światła do jazdy dziennej734 - Uchwyty do mocowania przedmiotów w przedziale ładunkowym738 - Zbiornik paliwa 90L739 - Interfejs modułu telematycznego (m.in. połączenie SOS i Assistance)7B2 - System monitorujący ciśnienie w oponach (TPMS - pomiar pośredni)858 - Instrukcja obsługi w języku polskim9VX - Dwumiejscowe siedzenie pasażerówJN1 - ROK MODELOWY 2026MMK - Osłona przedniego grilla w kolorze nadwoziaNHR - Tempomat z ogranicznikiem prędkościRDG - Moduł telematycznyXCP - Czujnik zapięcia pasów bezpieczeństwa
Wyposażenie dodatkowe:
077 Wzmocnione zawieszenie tylne z podwójnymi resorami316 Kamera cofania z dynamicznymi kolorowymi liniami wyznaczającymi trajektorię ruchu pojazdu320 Kierownica + dźwignia zmiany biegów obszyte skórą ekologiczną4BJ Plastikowe listwy ochronne na przednich nadkolach4DHPełnowymiarowe koło zapasowe z koszem5CK Lakier Szary Lanzarote - Kolory Zewnętrzne619 Drzwi tylne otwierane pod kątem 270 stopni835 Półka pod sufitemAW9 Pakiet TechnoLHA Oświetlenie wnętrza ambient LEDLPZ Światła przeciwmgielne z doświetlaniem zakrętów
Krasnobrodzka 5, 03-214 Warszawa
ST Motors Grupa PGD sp. z o.o. sp. k
Fiat Professional salon Warszawa ul. Krasnobrodzka 5 Centrum Motoryzacyjne Toruńska:
Jarosław Szmitko 667-071-762
Maciej Strzerzyński 667-071-911
Informacje umieszczone na stronie internetowej służą jedynie celom informacyjnym i nie stanowią oferty w rozumieniu przepisów KodeksuCywilnego oraz opisu towaru ani zapewnienia w rozumieniu art. 4 Ustawy z dnia 27 lipca 2002 r. o szczególnych warunkach sprzedażykonsumenckiej. Indywidualne uzgodnienie właściwości i specyfikacji pojazdu następuje w umowie sprzedaży. Zdjęcie prezentowanego modelujest zdjęciem przykładowym i może przedstawiać wersję inną niż oferowana w ogłoszeniu.","{""Rok produkcji"": ""2026"", ""Rodzaj"": ""furgon"", ""Silnik"": ""diesel"", ""Moc"": ""140 KM"", ""Pojemność"": ""2184 cm3"", ""Kolor nadwozia"": ""szary  akryl (niemetalizowany)"", ""Numer oferty"": ""WBN00545FP"", ""Numer VIN"": ""ZFA250003TMD17921"", ""Tytuł oferty"": ""FIAT Ducato Maxi Furgon L3H2 2.2 H3-POWER 140KM"", ""Cena netto"": ""115900 PLN"", ""Cena brutto (kalkulacja)"": ""142557 PLN"", ""Cena katalogowa netto"": ""169117 PLN"", ""Najniższa cena 30d"": ""115900 PLN"", ""Liczba pozycji wyposażenia"": 109}"
115310,https://fiat.pgd.pl/samochod/fiat-doblo-doblo-van-k9-l2-bluehdi-1-5-130-km-s-s-at8/id/115310,2026-08-14T09:36:00.432264+00:00,Fiat,Doblo,"Doblo VAN K9 L2, BlueHDi 1.5, 130 KM, S&S AT8 automat",VYFEDYHZ2TJ682825,117957,95 900 PLN netto,95900,Najniższa cena w ostatnich 30 dniach: 95 900 PLN netto,2026,0,Diesel,Automatyczna,130,,,1499,Przedni,Furgon,4,3,Srebrny,metaliczny,Fiat PGD Warszawa,Krasnobrodzka 5,Warszawa,Trasa Toruńska przy rondzie Łabiszyńska,,,https://fiat.pgd.pl/p/o-nas/kontakt,123 000 055,https://fiat.pgd.pl/cache/site_single_car/uploads_fiat/cars/new/115310/img-20250630-120542390-hdr.jpg,20,https://fiat.pgd.pl/cache/site_single_car/uploads_fiat/cars/new/115310/img-20250630-120542390-hdr.jpg | https://fiat.pgd.pl/cache/site_single_car/uploads_fiat/cars/new/115310/img-20250630-120556742-hdr.jpg | https://fiat.pgd.pl/cache/site_single_car/uploads_fiat/cars/new/115310/img-20250630-120604030-hdr.jpg | https://fiat.pgd.pl/cache/site_single_car/uploads_fiat/cars/new/115310/img-20250630-120613682-hdr.jpg | https://fiat.pgd.pl/cache/site_single_car/uploads_fiat/cars/new/115310/img-20250630-120628185-hdr.jpg | https://fiat.pgd.pl/cache/site_single_car/uploads_fiat/cars/new/115310/img-20250630-120732540-hdr.jpg | https://fiat.pgd.pl/cache/site_single_car/uploads_fiat/cars/new/115310/img-20250630-120740324-hdr.jpg | https://fiat.pgd.pl/cache/site_single_car/uploads_fiat/cars/new/115310/img-20250630-120750775-hdr.jpg | https://fiat.pgd.pl/cache/site_single_car/uploads_fiat/cars/new/115310/img-20250630-120907746-hdr.jpg | https://fiat.pgd.pl/cache/site_single_car/uploads_fiat/cars/new/115310/img-20250630-120923691-hdr.jpg | https://fiat.pgd.pl/cache/site_single_car/uploads_fiat/cars/new/115310/img-20250630-120927158-hdr.jpg | https://fiat.pgd.pl/cache/site_single_car/uploads_fiat/cars/new/115310/img-20250630-120845455-hdr.jpg | https://fiat.pgd.pl/cache/site_single_car/uploads_fiat/cars/new/115310/img-20250630-120932020-hdr.jpg | https://fiat.pgd.pl/cache/site_single_car/uploads_fiat/cars/new/115310/img-20250630-120935409-hdr.jpg | https://fiat.pgd.pl/cache/site_single_car/uploads_fiat/cars/new/115310/img-20250630-120943492-hdr.jpg | https://fiat.pgd.pl/cache/site_single_car/uploads_fiat/cars/new/115310/img-20250630-121001497-hdr.jpg | https://fiat.pgd.pl/cache/site_single_car/uploads_fiat/cars/new/115310/img-20250630-121020125-hdr.jpg | https://fiat.pgd.pl/cache/site_single_car/uploads_fiat/cars/new/115310/img-20250630-121046557-hdr.jpg | https://fiat.pgd.pl/cache/site_single_car/uploads_fiat/cars/new/115310/img-20250630-121117718-hdr.jpg | https://fiat.pgd.pl/cache/site_single_car/uploads_fiat/cars/new/115310/img-20250630-121100853-hdr.jpg,"Radio fabryczne Uconnect z portami USB i AUX|System multimedialny AIO 10"" z ekranem dotykowym, AM/FM, DAB i USB|Zestaw głośnomówiący Bluetooth|Funkcja Android Auto / CarPlay|Sterowanie systemem audio przyciskami na kierownicy|System Connect SOS & Assistance BTA 4S",Przednie czołowe poduszki powietrzne kierowcy i pasażera|Boczne poduszki powietrzne|Kurtyny powietrzne dla kierowcy i pasażera w R1|Trzypunktowe pasy bezpieczeństwa z sygnalizatorem braku zapięcia|ABS|ESP|ASR|Tempomat|Pre-Collision Assist|System kontroli ciśnienia w oponach|Ostrzeżenie o zmęczeniu kierowcy|Ostrzeżenie o niezamierzonej zmianie pasa ruchu|Rozpoznawanie znaków drogowych|Przednie reflektory przeciwmgłowe|Reflektory EcoLED|Czujnik deszczu|Czujnik zmierzchu|Automatyczne światła z funkcją follow me home|Tylne czujniki parkowania|Kamera cofania|Immobiliser FIAT Code,Klimatyzacja manualna|Komputer pokładowy|Regulacja wysokości fotela kierowcy|Podłokietnik kierowcy|Ławka dwumiejscowa pasażera ze stolikiem do pisania (Magic Cargo)|Tapicerka materiałowa|Wielofunkcyjna kierownica z tworzywa sztucznego|Regulacja położenia kolumny kierownicy|Lusterka zewnętrzne regulowane elektrycznie i podgrzewane|Elektrycznie regulowane szyby boczne z przodu|Centralny zamek sterowany pilotem|Wspomaganie układu kierowniczego|Wykładzina z tworzywa na podłodze w kabinie kierowcy|Gniazdo 12V|System Start/Stop,"16"" stalowe felgi z kołpakami i oponami 205/60 R16|Pełnowymiarowe koło zapasowe|Zestaw do naprawy ""Fix&Go""|Drzwi boczne przesuwne po stronie pasażera|Drzwi tylne dwuskrzydłowe pełne|Przegroda pełna stała z haczykiem na ubrania|Wykładzina antypoślizgowa 9mm na podłodze w przestrzeni ładunkowej|Lakier metalizowany Szary Maestro|Model roku 2025|Pakiet Safety|Pakiet Magic Cargo",Dodatkowe informacje,"Witamy na stronie autoryzowanego dealera ST Motors Fiat Professional Grupy PGD.
Oferujemy na sprzedaż model FIAT Doblo VAN K9 L2, z silnikiem wysokoprężnym BlueHDi 1.5, 130 KM, skrzynia biegów automatyczna, 8-biegowa
Rok produkcji 2025r.
Cena katalogowa: 131 144 zł netto
Cena po rabacie: 95 900 zł netto
Najniższa cena w ciągu 30 dni: 95 900 zł netto
Zachęcamy do zapoznania się z ofertą finansowania Leasing od 101,8% oraz ubezpieczenia promocyjnego od 0,5% wartości auta.
Gwarancja: 2 lata + 2 lata gwarancji przedłużonej do 200 000 KM.
Kolor zewnętrzny :  Srebrny metalizowany Maestro
Kolor wewnętrzny : Tapicerka tkaninowa
Wyposażenie standardowe :
025 - Klimatyzacja manualna0ML - Model roku 2025365 - Czujniki spadku ciśnienia w ogumieniu pośrednie396 - Wykładzina z tworzywa na podłodze w kabinie kierowcy3CU - felgi stalowe szare 16'' 205/60 R16 96H XL Class A+416 - Tempomat499 - Zestaw do naprawy ""Fix&Go""4ZF - Pakiet Safety516 - Drzwi tylne dwuskrzydłowe pełne523 - Drzwi boczne przesuwne po stronie pasażera614 - Pięć poduszek bezpieczeństwa czołowa pasażera, boczne i kurtynowe dla kierowcy i pasażera w R17ET - Przegroda pełna stała z haczykiem na ubraniaCMZ - Reflektory EcoLEDRTR - System Connect SOS & Assistance BTA 4SSCA - Kierownica z tworzywa sztucznego wielofunkcyjna przyciski do sterowaniaXH3 - Tylne czujniki parkowania
Wyposażenie dodatkowe :
5DN Lakier metalizowany Szary Maestro 5ZJ MAGIC CARGO - Ławka dwumiejscowa pasażera ze stolikiem do pisania CKC Wykładzina antypoślizgowa 9mm na podłodze w przestrzeniładunkowej RDE System multimedialny AIO 10"", AM/FM/DAB;USB TBB Koło zapasoweXAM Kamera cofania + czujniki parkowania tył System multimedialny AIO
Przyjmujemy używane auta w rozliczeniu
Na miejscu możliwość zapoznania się z ofertą leasingową, ubezpieczeniową, pakietów gwarancyjnych/serwisowych.
Krasnobrodzka 5, 03-214 Warszawa
ST Motors Grupa PGD sp. z o.o. sp. k
Fiat Professional salon Warszawa ul. Krasnobrodzka 5 Centrum Motoryzacyjne Toruńska:
Adrian Czyżewski 667-071-999
Jarosław Szmitko 667-071-762
Maciej Strzerzyński 667-071-911
Informacje umieszczone na stronie internetowej służą jedynie celom informacyjnym i nie stanowią oferty w rozumieniu przepisów KodeksuCywilnego oraz opisu towaru ani zapewnienia w rozumieniu art. 4 Ustawy z dnia 27 lipca 2002 r. o szczególnych warunkach sprzedażykonsumenckiej. Indywidualne uzgodnienie właściwości i specyfikacji pojazdu następuje w umowie sprzedaży. Zdjęcie prezentowanego modelujest zdjęciem przykładowym i może przedstawiać wersję inną niż oferowana w ogłoszeniu.","{""Rok produkcji"": ""2026"", ""Rodzaj"": ""furgon"", ""Skrzynia"": ""automatyczna"", ""Silnik"": ""diesel"", ""Moc"": ""130 KM"", ""Pojemność"": ""1499 cm3"", ""Kolor nadwozia"": ""srebrny  metaliczny"", ""Numer oferty"": ""WBN00258FI"", ""Numer VIN"": ""VYFEDYHZ2TJ682825"", ""Tytuł oferty"": ""FIAT Doblo Doblo VAN K9 L2, BlueHDi 1.5, 130 KM, S&S AT8 automat"", ""Cena netto"": ""95900 PLN"", ""Cena brutto (kalkulacja)"": ""117957 PLN"", ""Cena katalogowa netto"": ""131144 PLN"", ""Najniższa cena 30d"": ""95900 PLN"", ""Liczba pozycji wyposażenia"": 76}"
115234,https://fiat.pgd.pl/samochod/fiat-doblo-van-xl-diesel-1-5-100km-manual-seria-4/id/115234,2026-08-14T09:36:02.439713+00:00,Fiat,Doblo,Van XL Diesel 1.5 100KM  Manual Seria 4,VYFEDYHT6TJ680300,100860,82 000 PLN netto,82000,Najniższa cena w ostatnich 30 dniach: 82 000 PLN netto,2026,0,Diesel,Manualna,100,,,1499,Przedni,Furgon,4,3,biały,,Fiat PGD Warszawa,Krasnobrodzka 5,Warszawa,Trasa Toruńska przy rondzie Łabiszyńska,,,https://fiat.pgd.pl/p/o-nas/kontakt,123 000 055,https://fiat.pgd.pl/cache/site_single_car/uploads_fiat/cars/new/115234/20260126-161425-3.jpg,15,https://fiat.pgd.pl/cache/site_single_car/uploads_fiat/cars/new/115234/20260126-161425-3.jpg | https://fiat.pgd.pl/cache/site_single_car/uploads_fiat/cars/new/115234/20260126-161513-2.jpg | https://fiat.pgd.pl/cache/site_single_car/uploads_fiat/cars/new/115234/20260126-161341-2.jpg | https://fiat.pgd.pl/cache/site_single_car/uploads_fiat/cars/new/115234/20260126-161152-2.jpg | https://fiat.pgd.pl/cache/site_single_car/uploads_fiat/cars/new/115234/20260126-161237-2.jpg | https://fiat.pgd.pl/cache/site_single_car/uploads_fiat/cars/new/115234/20260126-161525-2.jpg | https://fiat.pgd.pl/cache/site_single_car/uploads_fiat/cars/new/115234/20260126-161144-2.jpg | https://fiat.pgd.pl/cache/site_single_car/uploads_fiat/cars/new/115234/20260126-161553-2.jpg | https://fiat.pgd.pl/cache/site_single_car/uploads_fiat/cars/new/115234/20260126-161624-2.jpg | https://fiat.pgd.pl/cache/site_single_car/uploads_fiat/cars/new/115234/20260126-160721-2.jpg | https://fiat.pgd.pl/cache/site_single_car/uploads_fiat/cars/new/115234/20260126-160756-2.jpg | https://fiat.pgd.pl/cache/site_single_car/uploads_fiat/cars/new/115234/20260126-160826-2.jpg | https://fiat.pgd.pl/cache/site_single_car/uploads_fiat/cars/new/115234/20260126-160926-2.jpg | https://fiat.pgd.pl/cache/site_single_car/uploads_fiat/cars/new/115234/20260126-160953-2.jpg | https://fiat.pgd.pl/cache/site_single_car/uploads_fiat/cars/new/115234/20260126-161047-2.jpg,Komputer pokładowy|Sterowanie systemem audio przyciskami na kierownicy|Zestaw głośnomówiący Bluetooth|Kamera cofania,Poduszka powietrzna pasażera|Poduszka powietrzna kierowcy|ESP|ABS|Tempomat|Tylne czujniki parkowania|System Start/Stop,Klimatyzacja manualna|Centralny zamek sterowany pilotem,Drzwi przesuwne,Dodatkowe informacje,"WYPOSAŻENIE STANDARDOWE025 - Klimatyzacja manualna026 - Hamulec postojowy elektryczny0MM - Rok modelowy 2026.5162 - Siedzenie kierowcy199 - Trwała przegroda z blachy z centralnie umieszczona szyba365 - System posredniego monitorowania cisnienia w oponach (iTPMS)396 - Wykładzina z tworzywa na podłodze w kabinie kierowcy3B0 - System Connect SOS & Assistance 4S3CU - 16"" półkołpaki- szare felgi stalowe 16""Opony 205/60 R16 96H XL Klasa A+416 - Tempomat48D - Ładownosc 650 kg499 - Zestaw do naprawy ""Fix&Go""4ZF - Pakiet Safety516 - Niesymetryczne metalowe drzwi tylne 1/3 (prawa) - 2/3 (lewa). Zawiasy otwierane pod katem 180°. Z za523 - Drzwi przesuwne pełne z prawej strony52B - Czujniki parkowania tylne5Q8 - 1 kluczyk z 3 przyciskami i 1 kluczyk mechaniczny614 - Piec poduszek bezpieczenstwa czołowa pasazera, boczne i kurtynowe dla kierowcy i pasazera w R175W - Dodatkowe ogrzewanie elektryczne7ET - Przegroda pełna stała z haczykiem na ubraniaCMZ - Reflektory EcoLEDCV7 - Fotel pasazera regulowanyFCI - Karta SIM modułu telematycznego BTAJLX - Rok modelowy 2026.5RTR - System Connect SOS & Assistance BTA 4SSCA - Kierownica z tworzywa sztucznego wielofunkcyjna przyciski do sterowaniaXH3 - Tylne czujniki parkowania
WYPOSAŻENIE DODATKOWO PŁATNE  5ZJ MAGIC CARGO - Ławka dwumiejscowa pasażera ze stolikiem do pisania CKC Wykładzina antypoślizgowa 9mm na podłodze w przestrzeni ładunkowej RDE System multimedialny AIO 10"", AM/FM/DAB;USB TBB Koło zapasowe XAM Kamera cofania + czujniki parkowania tyłSystem multimedialny AIO
Cena samochodu - 82 000 zł netto
Cena samochodu sprzed ostatnich 30 dni 89 000 zł netto
Samochód został zarejestrowany w kwietniu 2026 roku na naszą firmę dealerską czyli ST MOTORS Grupa PGD. Samochód nowy – bez przebiegu.
Data pierwszej rejestracji: 31.04.2026r
4 lata gwarancji od dnia 1 rejestracji lub 200 tyś km
Możliwość skorzystania z promocyjnego ubezpieczenia już od 0,5% wartości auta.
Auto dostępne do oględzin w naszym salonie, serdecznie zapraszamy. ST Motors, autoryzowany dealer Fiat Professional.
Fiat Professional salon Warszawa ul. Krasnobrodzka 5 Centrum Motoryzacyjne Toruńska:
Adrian Czyżewski +48 667 071 999
Jarosław Szmitko  +48 667 071 762
Maciej Strzerzyński +48 667 071 911
Informacje umieszczone na stronie internetowej służą jedynie celom informacyjnym i nie stanowią oferty w rozumieniu przepisów KodeksuCywilnego oraz opisu towaru ani zapewnienia w rozumieniu art. 4 Ustawy z dnia 27 lipca 2002 r. o szczególnych warunkach sprzedażykonsumenckiej. Indywidualne uzgodnienie właściwości i specyfikacji pojazdu następuje w umowie sprzedaży. Zdjęcie prezentowanego modelujest zdjęciem przykładowym i może przedstawiać wersję inną niż oferowana w ogłoszeniu.","{""Rok produkcji"": ""2026"", ""Rodzaj"": ""furgon"", ""Silnik"": ""diesel"", ""Moc"": ""100 KM"", ""Pojemność"": ""1499 cm3"", ""Kolor nadwozia"": ""biały"", ""Numer oferty"": ""WBN00488FI"", ""Numer VIN"": ""VYFEDYHT6TJ680300"", ""Tytuł oferty"": ""FIAT Doblo Van XL Diesel 1.5 100KM  Manual Seria 4"", ""Cena netto"": ""82000 PLN"", ""Cena brutto (kalkulacja)"": ""100860 PLN"", ""Cena katalogowa netto"": ""118993 PLN"", ""Najniższa cena 30d"": ""82000 PLN"", ""Liczba pozycji wyposażenia"": 14}"
114687,https://fiat.pgd.pl/samochod/fiat-ducato-maxi-l4h2-2-2-h3-power-180km-mt6/id/114687,2026-08-14T09:36:07.308494+00:00,Fiat,Ducato,Maxi L4H2 2.2 H3-POWER 180KM MT6,ZFA250004TG028235,147477,119 900 PLN netto,119900,Najniższa cena w ostatnich 30 dniach: 119 900 PLN netto,2026,0,Diesel,Manualna,180,,,2184,Przedni,Furgon,4,3,Szary,akryl niemetalizowany,Fiat PGD Warszawa,Krasnobrodzka 5,Warszawa,Trasa Toruńska przy rondzie Łabiszyńska,,,https://fiat.pgd.pl/p/o-nas/kontakt,123 000 055,https://fiat.pgd.pl/cache/site_single_car/uploads_fiat/cars/new/114687/20260409-143825-4.jpg,15,https://fiat.pgd.pl/cache/site_single_car/uploads_fiat/cars/new/114687/20260409-143825-4.jpg | https://fiat.pgd.pl/cache/site_single_car/uploads_fiat/cars/new/114687/20260409-143847.jpg | https://fiat.pgd.pl/cache/site_single_car/uploads_fiat/cars/new/114687/20260409-144056.jpg | https://fiat.pgd.pl/cache/site_single_car/uploads_fiat/cars/new/114687/20260409-144045.jpg | https://fiat.pgd.pl/cache/site_single_car/uploads_fiat/cars/new/114687/20260409-144033.jpg | https://fiat.pgd.pl/cache/site_single_car/uploads_fiat/cars/new/114687/20260409-143919.jpg | https://fiat.pgd.pl/cache/site_single_car/uploads_fiat/cars/new/114687/20260409-143940.jpg | https://fiat.pgd.pl/cache/site_single_car/uploads_fiat/cars/new/114687/20260409-143907.jpg | https://fiat.pgd.pl/cache/site_single_car/uploads_fiat/cars/new/114687/20260409-143759.jpg | https://fiat.pgd.pl/cache/site_single_car/uploads_fiat/cars/new/114687/20260409-144314.jpg | https://fiat.pgd.pl/cache/site_single_car/uploads_fiat/cars/new/114687/20260409-144543.jpg | https://fiat.pgd.pl/cache/site_single_car/uploads_fiat/cars/new/114687/img-20260715-154502272-hdr.jpg | https://fiat.pgd.pl/cache/site_single_car/uploads_fiat/cars/new/114687/img-20260715-154525262-hdr.jpg | https://fiat.pgd.pl/cache/site_single_car/uploads_fiat/cars/new/114687/img-20260520-162733529-hdr.jpg | https://fiat.pgd.pl/cache/site_single_car/uploads_fiat/cars/new/114687/img-20260520-162726603-hdr.jpg,"Radio fabryczne|Radio 5"" Bluetooth + DAB|Zestaw głośnomówiący Bluetooth|Sterowanie systemem audio przyciskami na kierownicy|Funkcja Android Auto / CarPlay|Nawigacja satelitarna GPS|Interfejs modułu telematycznego (m.in. połączenie SOS i Assistance)|Moduł telematyczny","Przednie czołowe poduszki powietrzne (kierowcy i pasażera)|Poduszka powietrzna kierowcy|Poduszka powietrzna pasażera|Trzypunktowe pasy bezpieczeństwa|Sygnalizator braku zapięcia pasów bezpieczeństwa kierowcy|Czujnik zapięcia pasów bezpieczeństwa|ABS|ESP / ESC|ASR|System stabilizacji toru jazdy ESC (plus asystent bocznego wiatru, system stabilizacji przyczepy)|Tempomat z ogranicznikiem prędkości|Pre-Collision Assist|Ostrzeżenie o zmęczeniu kierowcy|Ostrzeżenie o niezamierzonej zmianie pasa ruchu|Funkcja wzywania pomocy|Sygnał dźwiękowy ostrzegający pieszych podczas cofania|Tylne czujniki parkowania|Kamera cofania z dynamicznymi kolorowymi liniami wyznaczającymi trajektorię ruchu pojazdu|Czujnik ciśnienia w oponach|System monitorujący ciśnienie w oponach (TPMS)|Światła do jazdy dziennej|Przednie reflektory przeciwmgłowe|Światła przeciwmgielne z doświetlaniem zakrętów|Reflektory przednie Full LED|Czujnik deszczu i zmierzchu","Klimatyzacja automatyczna|Komputer pokładowy|Wspomaganie układu kierowniczego|Elektryczne wspomaganie kierownicy|Centralny zamek sterowany pilotem|Elektrycznie regulowane szyby boczne z przodu|Lusterka zewnętrzne regulowane i składane elektrycznie|Boczne lusterka regulowane elektrycznie i podgrzewane|Podłokietnik siedzenia kierowcy|Siedzenie kierowcy amortyzowane|Dwumiejscowe siedzenie pasażerów ze składanym stolikiem|Tapicerka Czarna Lounge ""Crepe"" podwójne srebrne przeszycia|Kierownica + dźwignia zmiany biegów obszyte skórą ekologiczną|Deska rozdzielcza Techno z chromowanymi wlotami powietrza|Półka pod sufitem|Uchwyty na kubek","16"" felgi ze wzmocnionej stali z kołpakami|Pełnowymiarowe koło zapasowe|Zestaw naprawczy do opon ""Fix&Go""|Opony N1 Klasy A 215/70 R15C lub 215/75 R16C|Wzmocnione zawieszenie tylne z podwójnymi resorami|Aerodynamiczny pakiet redukujący emisję CO2|Dach średni|Drzwi – odsuwane drzwi boczne – po prawej stronie|Drzwi przesuwne|Drzwi tylne dwuskrzydłowe pełne|Drzwi tylne otwierane pod kątem 270 stopni|Trwała przegroda z blachy bez szyby|Oświetlenie przedziału ładunkowego - LED|Uchwyty do mocowania przedmiotów w przedziale ładunkowym|Zbiornik paliwa 90L|Alternator 180A|Akumulator L5 95Ah|Zderzak przedni w kolorze czarnym|Obwódki przednich reflektorów w kolorze czarnym|Osłona przedniego grilla w kolorze nadwozia|Plastikowe listwy ochronne na przednich nadkolach|Lakier Szary Lanzarote|Obudowy mocowań foteli|Pakiet Safety|Pakiet Visibility Plus|Pakiet Techno|Pakiet Premium Van + Amortyzowany Fotel|Instrukcja obsługi w języku polskim|Rok modelowy 2025.5",Dodatkowe informacje,"Przedmiotem ogłoszenia jest auto dostawcze FIAT Ducato Maxi Furgon L4H2 2.2 H3-POWER.
Skrzynia biegów manualna 6-biegowa, silnik wysokoprężny o pojemności 2.2l i mocy 180KM.
Rok produkcji: 2026
DMC: 3500kg
Ładowność: 1285kg
Kolor lakieru:  Szary Lanzarote
Tapiecerka materiałowa:  Lounge
_
Cena auta katalogowa auta: 183 397 zł netto.
Cena auta po rabacie : 119 900 zł netto
Najniższa cena z ostatnich 30 dni: 123 900 zł netto
Istnieje możliwość uzyskania dodatkowego rabatu przy skorzystaniu z oferty finansowania w naszym salonie.
Promocyjne ubezpieczenie od 0,5/1% wartości auta.
Auto fabrycznie nowe, bez przebiegu.
Gwarancja producenta: 2 lata bez limitu kilometrów oraz dodatkowe 2 lata od producenta- 4 lata lub 200 tyś km od daty rejestracji.
Na miejscu możliwość zapoznania się z ofertą leasingową, ubezpieczeniową, pakietów gwarancyjnych/serwisowych.
_
Wyposażenie standardowe:
01P - Sygnał dźwiękowy ostrzegający pieszych podczas cofania025 - Klimatyzacja manualna02S - Alternator 180A02T - Akumulator L5 95Ah03C - Elektryczne wspomaganie kierownicy041 - Boczne lusterka regulowane elektrycznie i podgrzewane132 - Podłokietnik siedzenia kierowcy149 - Trwała przegroda z blachy bez szyby293 - Dwumiejscowe siedzenie pasażerów ze składanym stolikiem2PX - Radio 5"" Bluetooth + Dab392 - System stabilizacji toru jazdy ESC (plus asystent bocznego wiatru, system stabilizacji przyczepy)499 - Zestaw naprawczy do opon ""Fix&Go""4B0 - Uchwyty na kubek4MZ - TAPICERKA CZARNA STANDARD ""CREPE"" POJEDYNCZE PRZESZYCIA, PEŁNE ZAGŁÓWKI4WH - Zderzak przedni w kolorze czarnym500 - Poduszka powietrzna kierowcy502 - Poduszka powietrzna pasażera508 - Czujniki cofania516 - Drzwi tylne dwuskrzydłowe pełne5EM - Obwódki przednich reflektorów w kolorze czarnym5EV - 16"" Felgi ze wzmocnionej stali5F4 - Pakiet Safety5K8 - Aerodynamiczny pakiet redukujący emisję CO25PP - Opony N1 Klasy A 215/70 R15C lub 215/75 R16C, w zależności od wersji692 - Światła do jazdy dziennej734 - Uchwyty do mocowania przedmiotów w przedziale ładunkowym738 - Zbiornik paliwa 90L739 - Interfejs modułu telematycznego (m.in. połączenie SOS i Assistance)7B2 - System monitorujący ciśnienie w oponach (TPMS - pomiar pośredni)858 - Instrukcja obsługi w języku polskimJ0R - ROK MODELOWY 2025.5MMK - Osłona przedniego grilla w kolorze nadwoziaNHR - Tempomat z ogranicznikiem prędkościRDG - Moduł telematycznyXCP - Czujnik zapięcia pasów bezpieczeństwa
Wyposażenie dodatkowe w cenie:
077 Wzmocnione zawieszenie tylne z podwójnymi resorami38C PAKIET VISIBILITY PLUS
Światła przeciwmgielne z doświetlaniem zakrętów
051 Czujnik deszczu i zmierzchu
9WE Reflektory przednie Full LED
4BJ Plastikowe listwy ochronne na przednich nadkolach5CK Lakier Szary Lanzarote - Kolory Zewnętrzne619 Drzwi tylne otwierane pod kątem 270 stopni835 Półka pod sufitem8RS Tapicerka Czarna Lounge ""Crepe"" podwójne srebrne przeszycia,zawiera opcje 2QC - dwumiejscowe siedze - Tapicerka SiedzeńAW9Pakiet TechnoC7C PAKIET PREMIUM VAN + AMORTYZOWANY FOTEL
316 Kamera cofania z dynamicznymi kolorowymi liniami wyznaczającymi trajektorię ruchu pojazdu
320 Kierownica + dźwignia zmiany biegów obszyte skórą ekologiczną
0XW Deska rozdzielcza Techno z chromowanymi wlotami powietrza
50E Obudowy mocowań foteli
640 Siedzenie kierowcy amortyzowane
Krasnobrodzka 5, 03-214 Warszawa
ST Motors Grupa PGD sp. z o.o. sp. k
Fiat Professional salon Warszawa ul. Krasnobrodzka 5 Centrum Motoryzacyjne Toruńska:
Jarosław Szmitko 667-071-762
Maciej Strzerzyński 667-071-911
Informacje umieszczone na stronie internetowej służą jedynie celom informacyjnym i nie stanowią oferty w rozumieniu przepisów KodeksuCywilnego oraz opisu towaru ani zapewnienia w rozumieniu art. 4 Ustawy z dnia 27 lipca 2002 r. o szczególnych warunkach sprzedażykonsumenckiej. Indywidualne uzgodnienie właściwości i specyfikacji pojazdu następuje w umowie sprzedaży. Zdjęcie prezentowanego modelujest zdjęciem przykładowym i może przedstawiać wersję inną niż oferowana w ogłoszeniu.","{""Rok produkcji"": ""2026"", ""Rodzaj"": ""furgon"", ""Silnik"": ""diesel"", ""Moc"": ""180 KM"", ""Pojemność"": ""2184 cm3"", ""Kolor nadwozia"": ""szary  akryl (niemetalizowany)"", ""Numer oferty"": ""WBN00380FP"", ""Numer VIN"": ""ZFA250004TG028235"", ""Tytuł oferty"": ""FIAT Ducato Maxi L4H2 2.2 H3-POWER 180KM MT6"", ""Cena netto"": ""119900 PLN"", ""Cena brutto (kalkulacja)"": ""147477 PLN"", ""Cena katalogowa netto"": ""183937 PLN"", ""Najniższa cena 30d"": ""119900 PLN"", ""Liczba pozycji wyposażenia"": 102}"
